physician_specialty,patient_volume,eligible_patients,research_interest,distance_to_site,active_trials,coordinator_load,screen_failure_rate,historical_enrollment,site_experience,visit_burden,eligibility_strictness,specialty_match,geographic_score,site_burden,capacity_score,patient_fit,match_score,match_label,match_score_noisy,physician_id,site_id,study_id,predicted_match,predicted_match_label
ENT,914,178,4,26,9,16,0.1638665397468603,0.5842639755086538,7,14,1,1.0,0.48,0.4046706664717493,0.3478294831441331,0.19474835886214442,0.48578591969718776,0,0.4905134123133306,PHY1000,SITE200,CRSsNP-001,0,Weak Match
PrimaryCare,111,5,5,11,6,8,0.4160332999885751,0.5680632953037641,8,13,8,0.3,0.78,0.182795489293806,0.46422388728886077,0.04504504504504504,0.39882648978965285,0,0.36598065744585906,PHY1001,SITE201,CRSsNP-001,0,Weak Match
Allergy,417,49,8,8,2,17,0.34651629934165784,0.3042579194969323,6,5,1,0.7,0.84,0.3423480609651484,0.20009581072386734,0.11750599520383694,0.4791608548492179,0,0.41676555853282365,PHY1002,SITE202,CRSsNP-001,0,Weak Match
Allergy,691,147,6,44,5,38,0.11794422305108682,0.7916389385798958,3,5,3,0.7,0.12,0.8946984477137295,0.08336080908271855,0.21273516642547033,0.3223861086515383,0,0.2636749197786278,PHY1003,SITE203,CRSsNP-001,0,Weak Match
ENT,315,53,4,40,4,25,0.3490187961849127,0.51589494038194,6,14,3,1.0,0.19999999999999996,0.5747897859323887,0.21936379803620223,0.16825396825396827,0.4084572730774937,0,0.40109556416877157,PHY1004,SITE204,CRSsNP-001,0,Weak Match
ENT,438,51,7,43,7,26,0.22356708913750645,0.6244593787803258,2,12,2,1.0,0.14,0.6327914586662862,0.2293068176040805,0.11643835616438356,0.4306918066952834,0,0.4684021062259538,PHY1005,SITE205,CRSsNP-001,0,Weak Match
ENT,875,202,8,22,8,8,0.24749006218833838,0.7063804118013957,7,10,5,1.0,0.56,0.19606628339987708,0.5678830297930213,0.23085714285714284,0.6276842633329023,1,0.6810944261226973,PHY1006,SITE206,CRSsNP-001,1,Strong Match
PrimaryCare,760,155,2,20,1,22,0.4078925673187521,0.7215777458627495,7,10,3,0.3,0.6,0.45959106219303775,0.38994706318683064,0.20394736842105263,0.33301714852332553,0,0.27078125268875647,PHY1007,SITE207,CRSsNP-001,0,Weak Match
Allergy,180,18,7,8,5,9,0.4243740770690443,0.8735880352956436,4,13,3,0.7,0.84,0.1937326835610876,0.7043454808909604,0.1,0.5754958278220833,0,0.560332893701029,PHY1008,SITE208,CRSsNP-001,0,Weak Match
Allergy,826,147,2,29,3,23,0.26014265073593223,0.6188039719419656,8,8,8,0.7,0.42000000000000004,0.500198924024195,0.30927889099469624,0.17796610169491525,0.3683274112202486,0,0.39265694520700145,PHY1009,SITE209,CRSsNP-001,0,Weak Match
ENT,584,98,2,40,1,6,0.47886117440254194,0.5398317305846565,4,12,4,1.0,0.19999999999999996,0.06294835032975729,0.5058502136886944,0.1678082191780822,0.48682726249928376,0,0.4944201922868643,PHY1010,SITE210,CRSsNP-001,0,Weak Match
PrimaryCare,473,61,8,26,3,16,0.2625850871808289,0.8722221758950248,7,8,4,0.3,0.48,0.3237798777433742,0.5898141864186738,0.12896405919661733,0.44582586430855164,0,0.4805531826608964,PHY1011,SITE211,CRSsNP-001,0,Weak Match
PrimaryCare,809,99,2,30,6,21,0.40873441409204403,0.6852661410153127,4,6,3,0.3,0.4,0.5101519380050596,0.33567629112710246,0.12237330037082818,0.2767133895176216,0,0.2549787042785787,PHY1012,SITE212,CRSsNP-001,0,Weak Match
ENT,299,35,9,17,7,14,0.29355090582570365,0.4788902137659334,5,12,1,1.0,0.6599999999999999,0.3370011102238155,0.3175036800514935,0.11705685618729098,0.5600648390347399,1,0.6237106007899981,PHY1013,SITE213,CRSsNP-001,1,Strong Match
ENT,636,110,1,20,8,38,0.45901293060883364,0.3758785472421427,7,11,8,1.0,0.6,0.9745582416572433,0.00956301116516107,0.17295597484276728,0.3226957717779997,0,0.32248367068754774,PHY1014,SITE214,CRSsNP-001,0,Weak Match
ENT,565,78,9,16,4,10,0.46310449746007143,0.8055327008791089,3,8,1,1.0,0.6799999999999999,0.2077377664069613,0.638193136830716,0.13805309734513274,0.6443781250617302,1,0.6822643318477906,PHY1015,SITE215,CRSsNP-001,1,Strong Match
ENT,188,40,1,46,3,12,0.13496672314843355,0.517308961676491,5,13,7,1.0,0.07999999999999996,0.2099447969998023,0.4087026367311416,0.2127659574468085,0.4369375370079503,0,0.4178988512775952,PHY1016,SITE216,CRSsNP-001,0,Weak Match
Allergy,367,67,2,43,5,15,0.4745973325240903,0.6962818328186587,3,13,5,0.7,0.14,0.35023048023072223,0.45242271213465246,0.18256130790190736,0.38510182137933513,0,0.3880213685562605,PHY1017,SITE217,CRSsNP-001,0,Weak Match
ENT,754,48,6,7,9,16,0.4302139366081663,0.5824898516195389,5,12,4,1.0,0.86,0.4315589102203904,0.3311111660401738,0.0636604774535809,0.514981461549391,0,0.4351801689779672,PHY1018,SITE218,CRSsNP-001,0,Weak Match
ENT,670,119,6,16,6,13,0.4165242857250667,0.419357867877023,3,5,4,1.0,0.6799999999999999,0.3090347798826676,0.2897617014855824,0.17761194029850746,0.5294518473834766,0,0.48761408388137806,PHY1019,SITE219,CRSsNP-001,0,Weak Match
Allergy,588,61,1,45,9,6,0.18036453587420898,0.6610119651722791,7,11,8,0.7,0.09999999999999998,0.15395671913349582,0.5592447317063703,0.10374149659863946,0.38738864857758437,0,0.37701546415093834,PHY1020,SITE220,CRSsNP-001,0,Weak Match
ENT,976,164,7,47,6,12,0.42204768350186594,0.3364098413704094,1,9,6,1.0,0.06000000000000005,0.28435443177759484,0.24075021208313585,0.1680327868852459,0.4727227959601792,0,0.47772587312353076,PHY1021,SITE221,CRSsNP-001,0,Weak Match
ENT,637,118,8,48,2,15,0.4400530938740147,0.5480054759227153,9,11,1,1.0,0.040000000000000036,0.3013148769646342,0.38288327336911654,0.18524332810047095,0.5167559990024776,1,0.6508160765615562,PHY1022,SITE222,CRSsNP-001,1,Strong Match
ENT,146,14,2,27,5,14,0.21566013378166038,0.6279689637982027,9,13,8,1.0,0.45999999999999996,0.29885236422960026,0.44029895430429755,0.0958904109589041,0.4581471571776255,0,0.4390521575363149,PHY1023,SITE223,CRSsNP-001,0,Weak Match
ENT,387,54,8,23,9,25,0.48090403134492954,0.5616281844711475,5,6,2,1.0,0.54,0.6638176699693324,0.18880947166640394,0.13953488372093023,0.48026384826658014,0,0.4114318366665439,PHY1024,SITE224,CRSsNP-001,0,Weak Match
Allergy,877,77,9,24,8,24,0.11994405855966571,0.7492033051505946,9,8,6,0.7,0.52,0.5869974063875414,0.30942290817022183,0.08779931584948689,0.45213466995766194,0,0.537258905930408,PHY1025,SITE200,CRSsNP-001,0,Weak Match
ENT,115,6,6,9,7,12,0.15996370129885587,0.7967549727271875,6,8,9,1.0,0.8200000000000001,0.27303935429117127,0.5792095094454764,0.05217391304347826,0.5735814447208477,1,0.6275233322722693,PHY1026,SITE201,CRSsNP-001,1,Strong Match
Allergy,810,101,5,35,1,33,0.31503245522060574,0.7627458444199069,5,6,1,0.7,0.30000000000000004,0.7278340629584837,0.20759343747106654,0.12469135802469136,0.3449081207045378,0,0.28708251053424466,PHY1027,SITE202,CRSsNP-001,0,Weak Match
Allergy,500,61,9,20,4,16,0.3303169884489239,0.32328776868708126,3,7,6,0.7,0.6,0.3457603006877746,0.21150769257715635,0.122,0.47322550844665384,0,0.49648861194061933,PHY1028,SITE203,CRSsNP-001,0,Weak Match
ENT,893,222,9,37,7,18,0.3580600333203614,0.4164772622675833,8,12,8,1.0,0.26,0.44446520121935923,0.23136761209053402,0.24860022396416573,0.5249770582872123,0,0.5667373794536881,PHY1029,SITE204,CRSsNP-001,0,Weak Match
Allergy,185,25,1,42,7,25,0.1067876517261866,0.6219645055582645,4,13,2,0.7,0.16000000000000003,0.5957644216787972,0.25142018159960605,0.13513513513513514,0.29549137793582525,0,0.30368263361081105,PHY1030,SITE205,CRSsNP-001,0,Weak Match
ENT,349,40,3,17,6,26,0.4841467098488521,0.8608932242662808,3,10,5,1.0,0.6599999999999999,0.643954668182718,0.3065170136931377,0.11461318051575932,0.43656123104929556,0,0.45285232706918765,PHY1031,SITE206,CRSsNP-001,0,Weak Match
ENT,490,81,9,47,8,25,0.1178352370936576,0.8009740650312702,6,14,6,1.0,0.06000000000000005,0.6120224620483283,0.31075994571397436,0.1653061224489796,0.48327627355020697,0,0.451663465137251,PHY1032,SITE207,CRSsNP-001,0,Weak Match
PrimaryCare,881,59,2,31,6,34,0.15722478108936097,0.8055207050110811,8,6,5,0.3,0.38,0.8128548771584658,0.15074927129069798,0.06696935300794551,0.19360670479427938,0,0.21879617140539975,PHY1033,SITE208,CRSsNP-001,0,Weak Match
PrimaryCare,434,105,4,8,3,24,0.1056058070104228,0.4819249162558049,9,6,3,0.3,0.84,0.5098360995519879,0.23622219667502692,0.24193548387096775,0.3607447003475486,0,0.3361769863684888,PHY1034,SITE209,CRSsNP-001,0,Weak Match
PrimaryCare,728,128,4,15,4,28,0.3267433733176379,0.5576687382472216,6,11,4,0.3,0.7,0.6482548771718973,0.196157258832162,0.17582417582417584,0.3083620080052866,0,0.1760923007205852,PHY1035,SITE210,CRSsNP-001,0,Weak Match
ENT,618,124,2,31,3,27,0.47290675356838896,0.5824235683895624,5,12,7,1.0,0.38,0.6226296186389485,0.21978940411683365,0.20064724919093851,0.39985673125720655,0,0.4096700298605121,PHY1036,SITE211,CRSsNP-001,0,Weak Match
ENT,236,19,3,30,1,11,0.36637886643218576,0.39442295000994626,2,12,4,1.0,0.4,0.17778278585311827,0.3243013391527728,0.08050847457627118,0.45220910788931057,0,0.36841164216192746,PHY1037,SITE212,CRSsNP-001,0,Weak Match
Allergy,982,129,3,46,5,13,0.42906298739217097,0.3186408781466738,2,10,9,0.7,0.07999999999999996,0.2951578171672999,0.22459153209262994,0.13136456211812628,0.3412436652313276,0,0.3919183734042139,PHY1038,SITE213,CRSsNP-001,0,Weak Match
ENT,787,105,1,20,1,5,0.10531248138343204,0.8681417396763103,9,14,2,1.0,0.6,0.0,0.8681417396763103,0.13341804320203304,0.5819828587357704,0,0.5254418515640087,PHY1039,SITE214,CRSsNP-001,0,Weak Match
ENT,939,201,6,39,1,30,0.3168061193918904,0.4444275513981041,2,12,5,1.0,0.21999999999999997,0.652299282690324,0.1545277784133037,0.21405750798722045,0.4311900044104334,0,0.30853979396441505,PHY1040,SITE215,CRSsNP-001,0,Weak Match
ENT,597,29,8,12,2,26,0.28382519100220877,0.44396934223417883,2,5,8,1.0,0.76,0.5631607864717703,0.19394321829222416,0.048576214405360134,0.49061661861260786,0,0.4021520605697922,PHY1041,SITE216,CRSsNP-001,0,Weak Match
ENT,926,102,3,49,4,14,0.2995871776883172,0.3500274322612557,3,13,5,1.0,0.020000000000000018,0.29218218171771265,0.24775565344211317,0.1101511879049676,0.3948707094928933,0,0.39279687657846407,PHY1042,SITE217,CRSsNP-001,0,Weak Match
PrimaryCare,826,203,5,17,6,10,0.1288852741340752,0.8571046511662672,3,5,8,0.3,0.6599999999999999,0.20428327491006226,0.6820125060853757,0.2457627118644068,0.47841485169217063,0,0.48774024230417407,PHY1043,SITE218,CRSsNP-001,0,Weak Match
ENT,576,83,1,42,8,21,0.37377414442772305,0.6478422689638632,4,7,8,1.0,0.16000000000000003,0.5369081704906009,0.3000104615679956,0.1440972222222222,0.37333558082009455,0,0.30270374000457456,PHY1044,SITE219,CRSsNP-001,0,Weak Match
Allergy,693,87,7,30,3,28,0.30128816594345376,0.7002221142752123,7,13,9,0.7,0.4,0.6305423617186225,0.25870240861251276,0.12554112554112554,0.40507152693592163,0,0.3514521141988076,PHY1045,SITE220,CRSsNP-001,0,Weak Match
ENT,322,23,1,29,1,14,0.4060595399445056,0.8469461323578316,9,9,6,1.0,0.42000000000000004,0.25750245528937316,0.6288554237778514,0.07142857142857142,0.4748779820837759,0,0.47447453768945685,PHY1046,SITE221,CRSsNP-001,0,Weak Match
Allergy,471,115,9,19,3,12,0.2941162536246862,0.5073721013404737,2,13,4,0.7,0.62,0.22601122534997536,0.3927003110081214,0.24416135881104034,0.5539792793693868,1,0.6025906672679184,PHY1047,SITE222,CRSsNP-001,1,Strong Match
Allergy,501,27,8,46,3,25,0.15975265449057285,0.6729043866828506,4,13,3,0.7,0.07999999999999996,0.5405402651147004,0.30917247110845764,0.05389221556886228,0.38925352160243704,0,0.32874941256554263,PHY1048,SITE223,CRSsNP-001,0,Weak Match
ENT,542,107,7,11,5,10,0.35930278163112883,0.32327967283733244,9,10,5,1.0,0.78,0.2124015654160697,0.25461456425948814,0.1974169741697417,0.5620369998527261,0,0.5809957629786209,PHY1049,SITE224,CRSsNP-001,0,Weak Match
PrimaryCare,589,119,7,34,4,25,0.1689545448420665,0.4120635169386776,2,5,6,0.3,0.31999999999999995,0.5566119792874672,0.1827040271832855,0.20203735144312393,0.32838894536869134,0,0.2414544139197341,PHY1050,SITE200,CRSsNP-001,0,Weak Match
Allergy,714,70,5,7,4,28,0.44895782534192596,0.7987474830539656,1,14,3,0.7,0.86,0.6605926436166238,0.271100771641222,0.09803921568627451,0.41367069388815064,0,0.42946513072337733,PHY1051,SITE201,CRSsNP-001,0,Weak Match
PrimaryCare,372,68,5,44,9,37,0.3452464956276966,0.7600610138030015,8,11,2,0.3,0.12,0.9529781395921051,0.035739482892527825,0.1827956989247312,0.20454900735047785,0,0.242338611403275,PHY1052,SITE202,CRSsNP-001,0,Weak Match
PrimaryCare,625,42,5,34,7,22,0.1628815534227817,0.5103856148742881,9,10,7,0.3,0.31999999999999995,0.5257133660660175,0.24206907528705207,0.0672,0.27964247845080864,0,0.30585280898693396,PHY1053,SITE203,CRSsNP-001,0,Weak Match
Allergy,258,26,1,20,4,32,0.4849352229924827,0.5260863766645275,7,13,5,0.7,0.6,0.7651764057046617,0.12353749387817553,0.10077519379844961,0.2883836566547813,0,0.3381035456891661,PHY1054,SITE204,CRSsNP-001,0,Weak Match
PrimaryCare,251,52,8,38,3,36,0.3073461853341283,0.6201326601321477,8,11,9,0.3,0.24,0.8330574890858337,0.10352650338234208,0.20717131474103587,0.29319238045314405,0,0.3395795004795862,PHY1055,SITE205,CRSsNP-001,0,Weak Match
ENT,719,160,1,24,6,16,0.129159380748662,0.30014460281108074,4,8,3,1.0,0.52,0.3557386161065587,0.19337157717521414,0.22253129346314326,0.42573327719017284,0,0.5180798679876788,PHY1056,SITE206,CRSsNP-001,0,Weak Match
ENT,287,49,4,10,3,31,0.35073316176602687,0.44474660162281676,4,11,8,1.0,0.8,0.7112477568702861,0.12842157884290561,0.17073170731707318,0.43724246691082086,0,0.4426733878637752,PHY1057,SITE207,CRSsNP-001,0,Weak Match
ENT,912,138,9,32,6,14,0.2012795628051241,0.4249390851649287,2,6,6,1.0,0.36,0.3125433869600882,0.2921271842357605,0.1513157894736842,0.5360000455195644,1,0.6284946148044166,PHY1058,SITE208,CRSsNP-001,1,Strong Match
ENT,197,16,9,15,9,36,0.421477380750921,0.4502897680498581,8,10,4,1.0,0.7,0.9354358381772903,0.029072581451481474,0.08121827411167512,0.4375755010004861,0,0.39037054649615693,PHY1059,SITE209,CRSsNP-001,0,Weak Match
ENT,230,14,5,37,6,30,0.42712882942647623,0.7835435055200648,2,10,9,1.0,0.26,0.7391503914396508,0.20438701670491274,0.06086956521739131,0.3831797555013653,0,0.3729126683152916,PHY1060,SITE210,CRSsNP-001,0,Weak Match
ENT,904,66,4,20,4,29,0.4915789423418647,0.4678043139278659,9,6,5,1.0,0.6,0.6901332661742796,0.14495699482640978,0.07300884955752213,0.39823028473723454,0,0.3924801260852312,PHY1061,SITE211,CRSsNP-001,0,Weak Match
PrimaryCare,270,25,3,3,5,15,0.30074781240980153,0.4149127932300889,4,8,6,0.3,0.94,0.332680061764078,0.2768795795515968,0.09259259259259259,0.3442560578820597,0,0.2921168349225516,PHY1062,SITE212,CRSsNP-001,0,Weak Match
ENT,282,33,3,37,6,27,0.2819827518910949,0.6025580764758189,1,12,9,1.0,0.26,0.648783801763745,0.21162815683638775,0.11702127659574468,0.3777025703398393,0,0.2596696269791333,PHY1063,SITE213,CRSsNP-001,0,Weak Match
ENT,463,58,5,40,3,38,0.4013902421785923,0.8193870218236392,4,12,7,1.0,0.19999999999999996,0.893027293882473,0.0876520470820558,0.12526997840172785,0.3545451746285958,0,0.3980100927191783,PHY1064,SITE214,CRSsNP-001,0,Weak Match
Allergy,138,16,1,8,8,27,0.15298826253677064,0.44480982230249994,3,12,5,0.7,0.84,0.6660471124128672,0.14854552458503928,0.11594202898550725,0.33108990092209795,0,0.284593193226965,PHY1065,SITE215,CRSsNP-001,0,Weak Match
ENT,626,61,5,40,4,33,0.31876620551724966,0.3471217456756792,6,12,2,1.0,0.19999999999999996,0.7736392925898965,0.07857472390857678,0.09744408945686901,0.357712037886943,0,0.3376705875227957,PHY1066,SITE216,CRSsNP-001,0,Weak Match
PrimaryCare,987,149,6,44,8,35,0.3184990400523404,0.5138428415097989,7,5,4,0.3,0.12,0.8846592795010555,0.05926700356296515,0.15096251266464034,0.22312810092864757,0,0.3023573641671823,PHY1067,SITE217,CRSsNP-001,0,Weak Match
ENT,596,128,7,23,3,11,0.1357892491241549,0.7485910947389867,8,6,2,1.0,0.54,0.18478988751996872,0.6102590305437191,0.21476510067114093,0.6162640925245322,1,0.6448683462981728,PHY1068,SITE218,CRSsNP-001,1,Strong Match
PrimaryCare,615,65,9,40,7,37,0.26719363420276543,0.6304143268168768,2,8,3,0.3,0.19999999999999996,0.9148130303864085,0.05370308610252204,0.10569105691056911,0.26068207840950586,0,0.34769265114625725,PHY1069,SITE219,CRSsNP-001,0,Weak Match
Allergy,448,106,3,11,9,25,0.4413139194268808,0.7900760217446086,6,13,3,0.7,0.78,0.6598209777101519,0.2687672886117337,0.23660714285714285,0.4099231456656173,0,0.4159496973704309,PHY1070,SITE220,CRSsNP-001,0,Weak Match
ENT,496,111,2,46,4,6,0.4424614487978641,0.8757552885655404,6,7,4,1.0,0.07999999999999996,0.10470203414081866,0.7840619284431487,0.22379032258064516,0.5402897629197092,0,0.5680643992845946,PHY1071,SITE221,CRSsNP-001,0,Weak Match
ENT,821,67,3,8,8,22,0.1396950659678724,0.7755974860509702,5,10,6,1.0,0.84,0.5385154158555611,0.3579262833137043,0.08160779537149818,0.46713566392005934,0,0.4551020860450468,PHY1072,SITE222,CRSsNP-001,0,Weak Match
PrimaryCare,260,53,9,29,3,37,0.13628835309913234,0.6622818473062521,7,11,3,0.3,0.42000000000000004,0.8410268414201344,0.10528503713638314,0.20384615384615384,0.3249158617468016,0,0.2824810468079755,PHY1073,SITE223,CRSsNP-001,0,Weak Match
Allergy,115,18,7,30,7,38,0.20507819080077413,0.5960049528314284,3,12,1,0.7,0.4,0.9337803107651361,0.03946726275893689,0.1565217391304348,0.3386458562578824,0,0.366235503964648,PHY1074,SITE224,CRSsNP-001,0,Weak Match
Allergy,592,96,9,10,3,24,0.4499064250215974,0.32404145180896,4,11,1,0.7,0.8,0.5445938597140402,0.14757046686097733,0.16216216216216217,0.470595247941332,0,0.4488001874498075,PHY1075,SITE200,CRSsNP-001,0,Weak Match
Allergy,525,67,2,39,7,39,0.15156103402939958,0.8905931872884247,9,7,9,0.7,0.21999999999999997,0.9536156034821447,0.04130962753528687,0.12761904761904763,0.2368051270636048,0,0.269031225375791,PHY1076,SITE201,CRSsNP-001,0,Weak Match
ENT,207,31,5,28,6,22,0.38799872105097855,0.5300886735450255,4,10,9,1.0,0.43999999999999995,0.5332965778289102,0.24739419799759707,0.1497584541062802,0.45258879534319846,0,0.4240653444437875,PHY1077,SITE202,CRSsNP-001,0,Weak Match
ENT,993,128,4,49,2,28,0.1404662478452413,0.3913369283501201,3,9,5,1.0,0.020000000000000018,0.5991643358969666,0.15686179756326157,0.12890231621349446,0.36568150497632934,0,0.3569123423420535,PHY1078,SITE203,CRSsNP-001,0,Weak Match
ENT,549,86,2,36,3,12,0.3492551414991302,0.7000253132378741,2,14,9,1.0,0.28,0.23157759421510474,0.5379151353085722,0.15664845173041894,0.4815873805728087,0,0.4768232553077799,PHY1079,SITE204,CRSsNP-001,0,Weak Match
PrimaryCare,410,71,9,13,6,34,0.24242691964765795,0.4705729734572756,5,8,7,0.3,0.74,0.8214561846856197,0.08401789406489463,0.17317073170731706,0.34695064327124625,0,0.40079889452352924,PHY1080,SITE205,CRSsNP-001,0,Weak Match
Allergy,838,154,9,32,4,14,0.4155655851863468,0.6514669625586287,4,5,9,0.7,0.36,0.3038904083688261,0.45349240126788826,0.18377088305489261,0.5172521601804182,0,0.49603472811913135,PHY1081,SITE206,CRSsNP-001,0,Weak Match
ENT,269,42,6,36,6,27,0.19347617953014545,0.6520607447067548,8,11,7,1.0,0.28,0.6398489057631013,0.2348403907150648,0.15613382899628253,0.44001664481577346,0,0.49936615079540436,PHY1082,SITE207,CRSsNP-001,0,Weak Match
ENT,645,125,6,37,1,15,0.3556807317559839,0.5674378925417216,7,12,9,1.0,0.26,0.2776545698813406,0.4098861685536755,0.1937984496124031,0.5186613891257019,0,0.4734188021056719,PHY1083,SITE208,CRSsNP-001,0,Weak Match
ENT,513,40,8,26,1,6,0.194273013830354,0.8016711693270255,6,6,2,1.0,0.48,0.034218669020249226,0.7742390489207478,0.07797270955165692,0.6389191202700388,1,0.6524119998535192,PHY1084,SITE209,CRSsNP-001,1,Strong Match
ENT,350,32,6,22,3,30,0.3854641132448615,0.45898023693326584,2,11,8,1.0,0.56,0.6895159632939848,0.14250603673132367,0.09142857142857143,0.42840675387400906,0,0.3940267224945696,PHY1085,SITE210,CRSsNP-001,0,Weak Match
Allergy,858,183,1,4,8,37,0.44947121382429955,0.5691795549706405,3,10,7,0.7,0.92,0.9483570434248563,0.02939411504080842,0.21328671328671328,0.31136479698735436,0,0.36715208809933986,PHY1086,SITE211,CRSsNP-001,0,Weak Match
Allergy,880,100,4,31,8,17,0.15072071965070402,0.622615277154583,9,9,6,0.7,0.38,0.4134387505129798,0.3652019949174996,0.11363636363636363,0.39810561484129287,0,0.35717244006451687,PHY1087,SITE212,CRSsNP-001,0,Weak Match
PrimaryCare,240,13,7,18,4,29,0.44663827543820145,0.6981748324603798,9,8,5,0.3,0.64,0.6855964258665764,0.2195086626955476,0.05416666666666667,0.31788375661911855,0,0.2820471194280102,PHY1088,SITE213,CRSsNP-001,0,Weak Match
ENT,373,30,2,38,6,8,0.3374301017657192,0.7703831103033538,5,6,4,1.0,0.24,0.17486035653807105,0.6356736449648013,0.08042895442359249,0.48375593194505134,0,0.42094081027028935,PHY1089,SITE214,CRSsNP-001,0,Weak Match
ENT,515,48,9,24,8,23,0.1508441963468096,0.5368843697269536,3,14,7,1.0,0.52,0.5648788853511197,0.2336097253931536,0.09320388349514563,0.5005350274173052,0,0.5056870581416062,PHY1090,SITE215,CRSsNP-001,0,Weak Match
Allergy,707,170,8,23,7,22,0.2710167421438848,0.6876281664579577,2,10,3,0.7,0.54,0.5366298058225223,0.3186263970135268,0.24045261669024046,0.48417545299301323,0,0.5137278882354808,PHY1091,SITE216,CRSsNP-001,0,Weak Match
Allergy,838,137,8,22,7,34,0.16434411739403915,0.39036657184111145,8,9,8,0.7,0.56,0.8287163537937521,0.0668634097819788,0.16348448687350836,0.38737216829539756,0,0.4115286274799374,PHY1092,SITE217,CRSsNP-001,0,Weak Match
Allergy,990,234,7,2,4,23,0.3801391555466278,0.8595888603254873,6,6,2,0.7,0.96,0.5274555517148777,0.4061939437545445,0.23636363636363636,0.5285841426703303,0,0.5213722446734775,PHY1093,SITE218,CRSsNP-001,0,Weak Match
Allergy,138,22,4,31,9,27,0.4035472537671799,0.5298352838526021,7,14,1,0.7,0.38,0.706484255478025,0.1555149978140085,0.15942028985507245,0.33830964647876727,0,0.3052825899019014,PHY1094,SITE219,CRSsNP-001,0,Weak Match
ENT,913,133,2,11,6,20,0.1423186081091196,0.7377128531858631,1,11,2,1.0,0.78,0.45801884329285436,0.3998264654874028,0.1456736035049288,0.4785818096444274,0,0.46464781375903264,PHY1095,SITE220,CRSsNP-001,0,Weak Match
Allergy,128,14,3,28,3,5,0.3024559410778578,0.31220464912930657,1,10,9,0.7,0.43999999999999995,0.05018751705415443,0.29653587297674316,0.109375,0.41063217288993314,0,0.398605696743173,PHY1096,SITE221,CRSsNP-001,0,Weak Match
ENT,576,98,6,46,5,16,0.42585002241036685,0.4231122857428842,2,13,5,1.0,0.07999999999999996,0.3705472974570219,0.26632917173999526,0.1701388888888889,0.4567458268245191,0,0.4693763481956191,PHY1097,SITE222,CRSsNP-001,0,Weak Match
ENT,417,32,5,32,5,28,0.47446521662039864,0.5922495265941468,3,14,8,1.0,0.36,0.6783104271279117,0.19052049724376757,0.07673860911270983,0.4004577090141398,0,0.409650349537801,PHY1098,SITE223,CRSsNP-001,0,Weak Match
ENT,344,79,8,5,5,38,0.305407146696708,0.826951480639408,1,9,3,1.0,0.9,0.9136231634955065,0.07142945284033894,0.22965116279069767,0.4903363649161916,0,0.5773223186454091,PHY1099,SITE224,CRSsNP-001,0,Weak Match
ENT,847,182,6,38,8,12,0.48011168944456284,0.6163530899704064,5,13,7,1.0,0.24,0.32050163044691576,0.4188109197038966,0.21487603305785125,0.5194310291605506,0,0.5214128324146248,PHY1100,SITE200,CRSsNP-001,0,Weak Match
Allergy,796,90,6,10,9,22,0.31427558818241197,0.8579222893763274,3,13,2,0.7,0.8,0.5712823972498275,0.3678063872473588,0.11306532663316583,0.4546993693827805,0,0.472739417806041,PHY1101,SITE201,CRSsNP-001,0,Weak Match
ENT,371,89,1,40,9,9,0.2576761978399632,0.5902781379496778,1,5,8,1.0,0.19999999999999996,0.23747530382840115,0.4501016577968151,0.2398921832884097,0.46124584699862536,0,0.46481863731888845,PHY1102,SITE202,CRSsNP-001,0,Weak Match
Allergy,539,115,4,46,6,30,0.43928125142115826,0.5942694580415699,8,9,7,0.7,0.07999999999999996,0.7403772000684564,0.15428590061055333,0.21335807050092764,0.31815897774049695,0,0.30182229974223046,PHY1103,SITE203,CRSsNP-001,0,Weak Match
PrimaryCare,847,155,5,24,6,34,0.29719308418323565,0.37184807310031914,6,13,5,0.3,0.52,0.826984926466331,0.06433532171080483,0.18299881936245574,0.2629182765361418,0,0.2806220015868391,PHY1104,SITE204,CRSsNP-001,0,Weak Match
ENT,338,25,3,35,9,17,0.2887610042258092,0.781593746491332,9,11,4,1.0,0.30000000000000004,0.4425169298845481,0.4357252813770259,0.07396449704142012,0.43638448754730547,0,0.4153514578498846,PHY1105,SITE205,CRSsNP-001,0,Weak Match
ENT,476,69,9,44,4,23,0.29612499576393136,0.4481792474802375,3,10,1,1.0,0.12,0.5189741727594425,0.2155857932712318,0.14495798319327732,0.47445923717662153,0,0.47154837461225396,PHY1106,SITE206,CRSsNP-001,0,Weak Match
Allergy,365,55,1,48,6,33,0.4387140007478981,0.8397674936233892,9,10,5,0.7,0.040000000000000036,0.8160337699263728,0.1544888599402737,0.1506849315068493,0.2459656278721298,0,0.30392905479601495,PHY1107,SITE207,CRSsNP-001,0,Weak Match
ENT,458,44,6,23,4,7,0.4327766166752208,0.8464945321982378,9,11,9,1.0,0.54,0.12896227804230764,0.7373286689755955,0.09606986899563319,0.6025869732397967,0,0.5783190018251728,PHY1108,SITE208,CRSsNP-001,0,Weak Match
ENT,439,28,6,17,1,30,0.2614079969760845,0.8659860671244899,1,5,4,1.0,0.6599999999999999,0.6467067436368678,0.30594703761951303,0.06378132118451026,0.46846406345634345,0,0.4878312602439968,PHY1109,SITE209,CRSsNP-001,0,Weak Match
ENT,488,100,5,1,7,16,0.23331994394821,0.612138293461854,3,8,9,1.0,0.98,0.3813965773073581,0.37867084349673574,0.20491803278688525,0.5618240191653326,0,0.4377565640410195,PHY1110,SITE210,CRSsNP-001,0,Weak Match
ENT,676,50,5,31,6,6,0.29677120961565173,0.7062562708701867,6,5,2,1.0,0.38,0.12027987913032208,0.6213078519748886,0.07396449704142012,0.5437247067423006,0,0.5344575112094564,PHY1111,SITE211,CRSsNP-001,0,Weak Match
PrimaryCare,788,133,5,31,9,15,0.32910900389484365,0.7671095280369982,8,10,4,0.3,0.38,0.3961142423790823,0.4632465185168472,0.16878172588832488,0.3682333109375424,0,0.3436273744529666,PHY1112,SITE212,CRSsNP-001,0,Weak Match
PrimaryCare,102,24,6,42,7,32,0.1953348842511988,0.37860877119027936,4,8,9,0.3,0.16000000000000003,0.7813690369822621,0.08277560025229315,0.23529411764705882,0.2632417457639971,0,0.26925476747911264,PHY1113,SITE213,CRSsNP-001,0,Weak Match
Allergy,528,118,8,42,7,22,0.41758203388623627,0.6605743169984983,5,5,4,0.7,0.16000000000000003,0.5514258328755336,0.29631657407141465,0.22348484848484848,0.4359919436479417,0,0.4241801048313444,PHY1114,SITE214,CRSsNP-001,0,Weak Match
PrimaryCare,241,25,2,34,2,17,0.2945931062929692,0.320578740781987,9,13,5,0.3,0.31999999999999995,0.33710632221585674,0.21250962049638086,0.1037344398340249,0.25672490183619673,0,0.26380079058991573,PHY1115,SITE215,CRSsNP-001,0,Weak Match
PrimaryCare,475,104,6,9,9,26,0.23361821936798385,0.5985396500332356,6,8,8,0.3,0.8200000000000001,0.6640916720808737,0.2010544530359632,0.21894736842105264,0.3605385655043684,0,0.34160525120297086,PHY1116,SITE216,CRSsNP-001,0,Weak Match
ENT,769,38,1,22,9,16,0.14272839718559627,0.39290560897213644,7,10,1,1.0,0.56,0.40253673335928586,0.2347466686179517,0.0494148244473342,0.39004936649949534,0,0.4093661014552876,PHY1117,SITE217,CRSsNP-001,0,Weak Match
PrimaryCare,423,22,4,13,6,6,0.1955380641614428,0.4097537555772508,7,11,1,0.3,0.74,0.11006021292561796,0.364656169991347,0.05200945626477541,0.36892757677190147,0,0.28319547669755696,PHY1118,SITE218,CRSsNP-001,0,Weak Match
Allergy,245,41,3,25,3,11,0.4797124687023935,0.519028540015561,4,12,9,0.7,0.5,0.21950954863853595,0.40509681946622694,0.1673469387755102,0.43590514372326933,0,0.4414757585272908,PHY1119,SITE219,CRSsNP-001,0,Weak Match
PrimaryCare,392,48,9,48,1,30,0.22203987472781064,0.5594623000299018,4,13,9,0.3,0.040000000000000036,0.6427324616299402,0.19987771874253482,0.12244897959183673,0.3053145424834721,0,0.2584605799926434,PHY1120,SITE220,CRSsNP-001,0,Weak Match
PrimaryCare,764,97,3,18,4,30,0.16754371574681415,0.6739034547193123,4,13,4,0.3,0.64,0.6826592782842827,0.21385700868734175,0.12696335078534032,0.27524631160537516,0,0.33363963876907854,PHY1121,SITE221,CRSsNP-001,0,Weak Match
ENT,531,86,6,12,3,28,0.2842691166619973,0.3446570510631094,5,12,2,1.0,0.76,0.6288242584037693,0.12792833652471958,0.16195856873822975,0.4691928836491245,0,0.42153218435512635,PHY1122,SITE222,CRSsNP-001,0,Weak Match
ENT,804,71,1,40,1,16,0.22283509734409948,0.6022150567424669,5,14,9,1.0,0.19999999999999996,0.2894815115945761,0.42788493181164416,0.08830845771144279,0.413705949630732,0,0.46346698383173424,PHY1123,SITE223,CRSsNP-001,0,Weak Match
ENT,684,63,6,17,3,20,0.11406370010847766,0.40957507815186067,8,7,4,1.0,0.6599999999999999,0.4097381591493505,0.2417565395964659,0.09210526315789473,0.48640380779383185,0,0.48582717573409523,PHY1124,SITE224,CRSsNP-001,0,Weak Match
ENT,498,73,4,15,4,27,0.2292580869117669,0.6443851050190452,9,6,6,1.0,0.7,0.6131756190674426,0.2492638693311532,0.1465863453815261,0.45518179830486794,0,0.3637436571471032,PHY1125,SITE200,CRSsNP-001,0,Weak Match
PrimaryCare,916,183,8,42,8,13,0.31764344957578744,0.6824427673567102,2,9,1,0.3,0.16000000000000003,0.32933811741803315,0.4576883511098984,0.19978165938864628,0.4045492733273379,0,0.36073590586828175,PHY1126,SITE201,CRSsNP-001,0,Weak Match
PrimaryCare,988,171,9,15,9,36,0.3206849488079868,0.6340255539317123,7,5,9,0.3,0.7,0.9252606627859152,0.047386649677649134,0.17307692307692307,0.32522049442616907,0,0.367610545632635,PHY1127,SITE202,CRSsNP-001,0,Weak Match
ENT,443,48,4,15,3,19,0.2426235684707555,0.7429773062869847,1,7,5,1.0,0.7,0.39747856172575546,0.4476597551891579,0.10835214446952596,0.5068721309826375,0,0.5464225722251169,PHY1128,SITE203,CRSsNP-001,0,Weak Match
Allergy,239,32,6,39,6,17,0.2789211025010403,0.5013655465445408,1,5,3,0.7,0.21999999999999997,0.39609527339895784,0.30277702331316303,0.13389121338912133,0.40641868067001713,0,0.34145114203349636,PHY1129,SITE204,CRSsNP-001,0,Weak Match
ENT,286,24,1,13,5,9,0.48620716729390656,0.7590639549798786,4,7,4,1.0,0.74,0.19997484406759167,0.607270258945448,0.08391608391608392,0.5114355883613515,0,0.5895783746434807,PHY1130,SITE205,CRSsNP-001,0,Weak Match
ENT,904,58,4,17,6,15,0.2509393908921247,0.5596602490249163,7,8,1,1.0,0.6599999999999999,0.34279457992922696,0.3678117490573336,0.06415929203539823,0.4813227148273936,0,0.4800945044768994,PHY1131,SITE206,CRSsNP-001,0,Weak Match
ENT,160,33,7,32,4,14,0.2032907253039932,0.5905106989935581,2,11,9,1.0,0.36,0.2824608834645617,0.42371452526056186,0.20625,0.5490593167056561,0,0.5933015994157042,PHY1132,SITE207,CRSsNP-001,0,Weak Match
ENT,479,49,1,9,6,17,0.19738681762670407,0.6888612763566428,2,9,8,1.0,0.8200000000000001,0.3878642422291136,0.4216766194015935,0.1022964509394572,0.46812301239227166,0,0.40753094491511416,PHY1133,SITE208,CRSsNP-001,0,Weak Match
PrimaryCare,809,69,8,40,7,19,0.2831058450816537,0.3110150303995344,1,9,4,0.3,0.19999999999999996,0.4621363874568851,0.16728366780590026,0.08529048207663782,0.30856571533465105,0,0.28576826452599785,PHY1134,SITE209,CRSsNP-001,0,Weak Match
ENT,906,170,6,20,9,11,0.40380805948677767,0.6923965328521491,2,5,2,1.0,0.6,0.3027034652238344,0.4828057030488351,0.18763796909492272,0.5632002863611143,0,0.583995499874007,PHY1135,SITE210,CRSsNP-001,0,Weak Match
Allergy,539,93,5,26,7,32,0.1823952736753893,0.6711510894432693,7,12,9,0.7,0.48,0.7800627602651818,0.1476111180571687,0.1725417439703154,0.3576513835774944,0,0.34199321092771284,PHY1136,SITE211,CRSsNP-001,0,Weak Match
Allergy,418,73,9,27,6,36,0.3837184508563073,0.48590827005196796,9,8,4,0.7,0.45999999999999996,0.8861957061086745,0.05529844756921973,0.17464114832535885,0.38710040598431616,0,0.24106085376077846,PHY1137,SITE212,CRSsNP-001,0,Weak Match
ENT,401,38,2,21,1,39,0.10845992933976652,0.3514765709396937,6,14,9,1.0,0.5800000000000001,0.8584078684663892,0.04976631686347561,0.09476309226932668,0.3358032495933879,0,0.32626413274374516,PHY1138,SITE213,CRSsNP-001,0,Weak Match
PrimaryCare,443,42,5,18,2,19,0.2675731911935784,0.35456126994782466,2,9,3,0.3,0.64,0.3848545035794723,0.21810676841354731,0.09480812641083522,0.32783793492747104,0,0.22960302770619395,PHY1139,SITE214,CRSsNP-001,0,Weak Match
PrimaryCare,110,10,6,13,1,25,0.4103460260811148,0.8539342481911372,9,6,7,0.3,0.74,0.5355525780446301,0.3966075600917707,0.09090909090909091,0.3724935269411639,0,0.3189588998616376,PHY1140,SITE215,CRSsNP-001,0,Weak Match
ENT,161,13,7,16,9,10,0.23549318230977256,0.7135675927355023,7,5,7,1.0,0.6799999999999999,0.2604738338710821,0.527701906129527,0.08074534161490683,0.572679333242524,0,0.5025359436052483,PHY1141,SITE216,CRSsNP-001,0,Weak Match
ENT,944,171,5,9,9,5,0.3254948405781598,0.3762615682624442,1,13,4,1.0,0.8200000000000001,0.14336993675005769,0.32231697101918005,0.18114406779661016,0.5524124174779828,1,0.609040190332143,PHY1142,SITE217,CRSsNP-001,1,Strong Match
ENT,325,71,9,12,7,8,0.18199169313036434,0.5140339015853439,9,6,2,1.0,0.76,0.17431133950724836,0.4244319636478655,0.21846153846153846,0.6330706433942329,1,0.705388398641424,PHY1143,SITE218,CRSsNP-001,1,Strong Match
ENT,252,49,1,44,2,15,0.3967981564504689,0.6554897963409578,2,10,9,1.0,0.12,0.2969482140481494,0.4608432719907252,0.19444444444444445,0.4380849441044412,0,0.45516314069198166,PHY1144,SITE219,CRSsNP-001,0,Weak Match
ENT,810,168,7,38,6,30,0.12091164130750386,0.8013430230543892,4,5,4,1.0,0.24,0.7082372213047317,0.23380206709441506,0.2074074074074074,0.45678854314026174,0,0.445285108041652,PHY1145,SITE220,CRSsNP-001,0,Weak Match
Allergy,663,86,7,19,4,27,0.4410170579502002,0.3261965572278051,9,5,8,0.7,0.62,0.6345530640747528,0.11920753234826593,0.1297134238310709,0.39981455601994564,0,0.4012314949941254,PHY1146,SITE221,CRSsNP-001,0,Weak Match
Allergy,871,157,4,7,1,33,0.17927855456866726,0.4419798788820053,4,13,2,0.7,0.86,0.7141294650777734,0.12634902440085977,0.18025258323765786,0.3849200041818091,0,0.4415127459326138,PHY1147,SITE222,CRSsNP-001,0,Weak Match
ENT,670,80,9,35,1,25,0.4497592126833323,0.833849394177228,3,8,8,1.0,0.30000000000000004,0.5395314093782921,0.3839614553275531,0.11940298507462686,0.5176898963963382,0,0.4185184817307029,PHY1148,SITE223,CRSsNP-001,0,Weak Match
ENT,683,105,5,48,5,31,0.24101169652020693,0.3054993301102899,1,13,5,1.0,0.040000000000000036,0.7304567136045952,0.08234529342952218,0.15373352855051245,0.36085676946307305,0,0.30710167493916535,PHY1149,SITE224,CRSsNP-001,0,Weak Match
PrimaryCare,759,111,4,18,2,17,0.38907342978979464,0.42083946167633246,7,9,7,0.3,0.64,0.346644279025534,0.2749578698980464,0.14624505928853754,0.34088841089919025,0,0.3910905310387884,PHY1150,SITE200,CRSsNP-001,0,Weak Match
ENT,960,81,7,16,4,27,0.2276901191144754,0.8754145055837796,6,11,7,1.0,0.6799999999999999,0.6130173299276934,0.33877024279083917,0.084375,0.5005460655653985,0,0.5611596144702952,PHY1151,SITE201,CRSsNP-001,0,Weak Match
ENT,674,85,4,39,1,20,0.46236466849385904,0.6680411079133027,4,5,9,1.0,0.21999999999999997,0.4146142278721766,0.3910617597689553,0.1261127596439169,0.45027911907755264,0,0.47976518407822055,PHY1152,SITE202,CRSsNP-001,0,Weak Match
ENT,409,99,3,4,4,34,0.15065485020734976,0.4570028199825039,6,10,3,1.0,0.92,0.781906097013819,0.09966952868567536,0.24205378973105135,0.439256743468516,0,0.38700816517592623,PHY1153,SITE203,CRSsNP-001,0,Weak Match
PrimaryCare,984,98,9,25,6,8,0.1714079157090395,0.3401946566375086,6,12,4,0.3,0.5,0.15810012137534937,0.2864098401318732,0.09959349593495935,0.41137032987257954,0,0.4608477789262514,PHY1154,SITE204,CRSsNP-001,0,Weak Match
ENT,342,26,8,32,4,20,0.2972120500635209,0.3169148042683333,4,5,4,1.0,0.36,0.44337007800273176,0.1764042627796619,0.07602339181286549,0.46594969270887554,0,0.5340213272728181,PHY1155,SITE205,CRSsNP-001,0,Weak Match
Allergy,592,79,1,40,1,35,0.13277537561525846,0.44684704778215634,6,13,5,0.7,0.19999999999999996,0.7599107762797155,0.1072831608237188,0.13344594594594594,0.2538270410232587,0,0.28973955439846827,PHY1156,SITE206,CRSsNP-001,0,Weak Match
Allergy,465,96,7,13,7,29,0.17839207388070477,0.8288914917533463,8,7,6,0.7,0.74,0.7039447952982034,0.24539764026661448,0.2064516129032258,0.449297951749309,0,0.32459746959027713,PHY1157,SITE207,CRSsNP-001,0,Weak Match
ENT,429,71,9,45,2,16,0.4775065528848058,0.5495481925785057,3,5,3,1.0,0.09999999999999998,0.3303338152510741,0.36801384145971594,0.1655011655011655,0.5269446781421272,0,0.533174418587926,PHY1158,SITE208,CRSsNP-001,0,Weak Match
Allergy,206,38,8,17,9,30,0.49059586445915493,0.7322000214995958,4,5,4,0.7,0.6599999999999999,0.7909858024763127,0.15304019992056464,0.18446601941747573,0.4236259645908506,0,0.4528879678054414,PHY1159,SITE209,CRSsNP-001,0,Weak Match
ENT,325,28,8,49,3,37,0.2505037317321688,0.8509710212279746,1,10,3,1.0,0.020000000000000018,0.8525570871695515,0.12546964610415404,0.08615384615384615,0.3833766820423372,0,0.357595815526224,PHY1160,SITE210,CRSsNP-001,0,Weak Match
Allergy,924,160,6,37,8,32,0.46931440840557426,0.54482427696169,4,10,2,0.7,0.26,0.8241705245291142,0.09579616684197856,0.17316017316017315,0.33603222420552753,0,0.345366070410407,PHY1161,SITE211,CRSsNP-001,0,Weak Match
Allergy,317,36,4,6,8,13,0.3179298702693727,0.41476642262243824,9,5,9,0.7,0.88,0.3293670320968118,0.2781560369898738,0.11356466876971609,0.4390856713807226,0,0.41341271331291396,PHY1162,SITE212,CRSsNP-001,0,Weak Match
Allergy,852,184,8,19,3,16,0.20789698634950682,0.6102707585141518,8,7,1,0.7,0.62,0.3182590166325424,0.4160465870298421,0.215962441314554,0.5273740260713526,0,0.48429435627701534,PHY1163,SITE213,CRSsNP-001,0,Weak Match
ENT,605,106,3,13,4,9,0.3809594884322395,0.8448502122359127,4,11,2,1.0,0.74,0.174207136605892,0.6976712759014143,0.17520661157024794,0.5849151944122556,1,0.6604447352749275,PHY1164,SITE214,CRSsNP-001,1,Strong Match
PrimaryCare,358,32,9,26,2,32,0.3635607226299429,0.7826246484826205,7,14,8,0.3,0.48,0.7226378999459228,0.2170704160572236,0.0893854748603352,0.3364966619319362,0,0.34725009544454954,PHY1165,SITE215,CRSsNP-001,0,Weak Match
ENT,987,62,2,14,4,39,0.49565012764349337,0.33949790601789226,3,7,7,1.0,0.72,0.9429237089860756,0.01937728128249518,0.06281661600810537,0.3272872393599178,0,0.27198825705158297,PHY1166,SITE216,CRSsNP-001,0,Weak Match
ENT,873,51,2,31,9,9,0.20601891496371333,0.7155436800465491,9,7,1,1.0,0.38,0.23226040918427446,0.549351212129716,0.058419243986254296,0.46924901250407935,0,0.40041901092713855,PHY1167,SITE217,CRSsNP-001,0,Weak Match
ENT,616,76,7,4,2,38,0.36882380106469415,0.6431385134753723,4,7,5,1.0,0.92,0.8745968867268568,0.08065157185567308,0.12337662337662338,0.4565147815426048,0,0.4134656762755117,PHY1168,SITE218,CRSsNP-001,0,Weak Match
Allergy,872,89,4,39,3,38,0.12080950201177876,0.8444779058078553,2,11,6,0.7,0.21999999999999997,0.8647021687951498,0.11425602915621658,0.10206422018348624,0.2838970439975999,0,0.24111837525971805,PHY1169,SITE219,CRSsNP-001,0,Weak Match
Allergy,153,27,8,8,4,17,0.14545841547868776,0.37348885011017835,5,8,5,0.7,0.84,0.35233644368279193,0.24189511690718277,0.17647058823529413,0.5012630260719809,0,0.5085895399730478,PHY1170,SITE220,CRSsNP-001,0,Weak Match
ENT,146,21,9,25,5,18,0.10156734998043732,0.6204216679227941,2,8,4,1.0,0.5,0.3882862744105837,0.379520449921452,0.14383561643835616,0.5580343666528211,0,0.5823122027622624,PHY1171,SITE221,CRSsNP-001,0,Weak Match
Allergy,826,85,7,13,1,15,0.49978427242386925,0.8276776161071355,6,7,1,0.7,0.74,0.29220207878204874,0.58582849611926,0.10290556900726393,0.5326718835974631,0,0.5568962260891607,PHY1172,SITE222,CRSsNP-001,0,Weak Match
ENT,788,62,5,32,7,8,0.4209094788589911,0.5460142720450458,1,14,7,1.0,0.36,0.19843051519381272,0.4376683787399728,0.07868020304568528,0.4983606749900346,0,0.46085507563229505,PHY1173,SITE223,CRSsNP-001,0,Weak Match
Allergy,620,46,8,38,7,37,0.4146892058934163,0.5891969506397203,6,13,9,0.7,0.24,0.9297029708558795,0.04141879521074735,0.07419354838709677,0.31786184905333575,0,0.36389338478251154,PHY1174,SITE224,CRSsNP-001,0,Weak Match
ENT,198,44,4,38,9,11,0.3038904301152719,0.342276406600175,4,6,6,1.0,0.24,0.29261660270898726,0.2421206473133918,0.2222222222222222,0.4587180247473352,0,0.5201102405041579,PHY1175,SITE200,CRSsNP-001,0,Weak Match
Allergy,119,11,2,28,4,12,0.22002683316217597,0.46688618426934647,3,8,3,0.7,0.43999999999999995,0.233674533457197,0.35778677298259604,0.09243697478991597,0.3852991449482785,0,0.3723009765973113,PHY1176,SITE201,CRSsNP-001,0,Weak Match
ENT,989,178,6,30,6,14,0.1605057137850704,0.4947039895013684,2,12,4,1.0,0.4,0.3084271943336877,0.3421238259937793,0.17997977755308392,0.5125769901536581,0,0.4609734502975569,PHY1177,SITE202,CRSsNP-001,0,Weak Match
PrimaryCare,852,180,9,3,2,19,0.21386989553858549,0.8670734692469322,7,10,5,0.3,0.94,0.3794330603039117,0.5380771293022389,0.2112676056338028,0.5114890212385073,0,0.5165031469655945,PHY1178,SITE203,CRSsNP-001,0,Weak Match
ENT,672,116,1,28,4,19,0.25038848877165565,0.4696004163246954,9,11,1,1.0,0.43999999999999995,0.4134052112144472,0.2754651570275924,0.17261904761904762,0.41590727218883566,0,0.523911084591994,PHY1179,SITE204,CRSsNP-001,0,Weak Match
ENT,990,219,7,3,2,9,0.4025240387921176,0.5765212411617913,3,11,5,1.0,0.94,0.146098582415349,0.492292305095716,0.22121212121212122,0.6381516330806385,0,0.5852367546868609,PHY1180,SITE205,CRSsNP-001,0,Weak Match
ENT,589,75,9,45,5,33,0.31586471556126094,0.7027826541385679,6,6,1,1.0,0.09999999999999998,0.7884891489794632,0.14864615725932007,0.1273344651952462,0.42771393285272924,0,0.40140576770438774,PHY1181,SITE206,CRSsNP-001,0,Weak Match
PrimaryCare,518,124,9,34,7,23,0.13099345062219309,0.39731002344472643,9,8,9,0.3,0.31999999999999995,0.5477321502759874,0.17969054997714345,0.23938223938223938,0.3680104548133898,0,0.37088215782827155,PHY1182,SITE207,CRSsNP-001,0,Weak Match
PrimaryCare,789,60,3,16,1,14,0.10721160358356491,0.5918654322851247,2,14,7,0.3,0.6799999999999999,0.2273332242349557,0.45731475525053145,0.07604562737642585,0.36074103547071723,0,0.3878242366965141,PHY1183,SITE208,CRSsNP-001,0,Weak Match
ENT,949,66,5,22,7,16,0.14093287181362527,0.7431234236855446,7,14,3,1.0,0.56,0.3720699379481923,0.4666295375470158,0.06954689146469968,0.5045056365807589,0,0.40522663690472915,PHY1184,SITE209,CRSsNP-001,0,Weak Match
Allergy,161,29,8,32,6,8,0.2641994854789518,0.8201131278162397,5,10,9,0.7,0.36,0.16746759549071175,0.6827707542704873,0.18012422360248448,0.5608384472056474,1,0.626132831920656,PHY1185,SITE210,CRSsNP-001,1,Strong Match
PrimaryCare,244,58,8,38,6,35,0.4732771668196073,0.675755564797456,5,7,2,0.3,0.24,0.869998872937558,0.08784898504238636,0.23770491803278687,0.2939961392229182,0,0.35861073665698917,PHY1186,SITE211,CRSsNP-001,0,Weak Match
Allergy,315,66,4,8,8,22,0.3549609924836886,0.7014321091901687,7,13,7,0.7,0.84,0.560246894259866,0.30845694848222954,0.20952380952380953,0.44204765265141177,0,0.42080797061187536,PHY1187,SITE212,CRSsNP-001,0,Weak Match
Allergy,102,6,1,8,8,20,0.420730359950206,0.3757700835507414,9,8,9,0.7,0.84,0.5164105390775899,0.181718452135072,0.058823529411764705,0.3384085188721966,0,0.47373943353880976,PHY1188,SITE213,CRSsNP-001,0,Weak Match
ENT,259,27,1,6,6,29,0.2865498378018194,0.8674658983478083,4,14,6,1.0,0.88,0.699720747096737,0.26048201187493775,0.10424710424710425,0.4111861037270899,0,0.4725713728733796,PHY1189,SITE214,CRSsNP-001,0,Weak Match
ENT,838,197,4,14,3,27,0.24466643327801713,0.3795444464906894,9,6,5,1.0,0.72,0.599588352091744,0.15197401727376383,0.2350835322195704,0.46120685130047095,0,0.5199293479498813,PHY1190,SITE215,CRSsNP-001,0,Weak Match
PrimaryCare,880,88,6,32,5,16,0.1433601490866491,0.7648037623090791,9,10,7,0.3,0.36,0.3420294419797029,0.5032183582625274,0.1,0.37744072745453516,0,0.43681838694358577,PHY1191,SITE216,CRSsNP-001,0,Weak Match
PrimaryCare,219,45,8,35,2,38,0.45037320887448196,0.4588897930669913,4,5,6,0.3,0.30000000000000004,0.88282944458395,0.05376837192841564,0.2054794520547945,0.2838405929409868,0,0.3417763958763888,PHY1192,SITE217,CRSsNP-001,0,Weak Match
Allergy,992,213,6,10,5,7,0.4132640116111611,0.860155886220751,3,10,5,0.7,0.8,0.14213521279785085,0.7378974462934407,0.21471774193548387,0.5970454034627741,0,0.5959499290486602,PHY1193,SITE218,CRSsNP-001,0,Weak Match
ENT,188,28,9,3,9,13,0.16724723903909006,0.7319757236216877,2,14,2,1.0,0.94,0.3292981192591923,0.49093749448967966,0.14893617021276595,0.6314917295252083,1,0.6254437297685657,PHY1194,SITE219,CRSsNP-001,1,Strong Match
ENT,428,54,9,12,1,22,0.3049042255505042,0.7522882277870214,9,5,8,1.0,0.76,0.44919420579659625,0.41436471477610143,0.1261682242990654,0.5804955784503271,0,0.533317075064319,PHY1195,SITE220,CRSsNP-001,0,Weak Match
Allergy,679,95,2,49,5,39,0.294949923168498,0.43143550383593,2,12,7,0.7,0.020000000000000018,0.9378054331099293,0.026832944302075123,0.13991163475699558,0.218563954238671,0,0.1896953657271866,PHY1196,SITE221,CRSsNP-001,0,Weak Match
PrimaryCare,456,43,1,31,6,38,0.3500366210746114,0.5658239859810965,6,9,6,0.3,0.38,0.9332713553284758,0.03775666770715806,0.09429824561403509,0.1507987594120928,0,0.13525387529781685,PHY1197,SITE222,CRSsNP-001,0,Weak Match
PrimaryCare,709,161,2,29,7,18,0.4784747575965045,0.6706879167535719,5,10,5,0.3,0.42000000000000004,0.4566212819448198,0.36443754042065524,0.22708039492242596,0.31599547862025557,0,0.31926848112974393,PHY1198,SITE223,CRSsNP-001,0,Weak Match
Allergy,366,51,5,5,9,8,0.33190857670499185,0.7619841709239605,5,6,5,0.7,0.9,0.219731249649952,0.5945524368333561,0.13934426229508196,0.5367734279754465,1,0.6166882303506217,PHY1199,SITE224,CRSsNP-001,0,Weak Match
Allergy,716,162,4,25,6,33,0.31608690671144746,0.36237562554743374,4,6,9,0.7,0.5,0.8036543465361132,0.07115087899749561,0.22625698324022347,0.3404289869559437,0,0.23530424588463644,PHY1200,SITE200,CRSsNP-001,0,Weak Match
ENT,422,30,4,41,5,19,0.12012917317386558,0.877419189872717,6,13,1,1.0,0.18000000000000005,0.41539806843860866,0.5129409531886215,0.07109004739336493,0.45682089564220474,0,0.5240676094460854,PHY1201,SITE201,CRSsNP-001,0,Weak Match
ENT,734,181,9,31,7,32,0.12516299040720957,0.8341324023327337,5,7,9,1.0,0.38,0.7742850594093053,0.18827614563730646,0.24659400544959129,0.49487522454892857,0,0.4442814256226193,PHY1202,SITE202,CRSsNP-001,0,Weak Match
PrimaryCare,640,88,8,21,1,20,0.17493871653071558,0.46220915429735066,4,10,6,0.3,0.5800000000000001,0.38559806647115275,0.28398219809502556,0.1375,0.39061163297188983,0,0.3853856407997005,PHY1203,SITE203,CRSsNP-001,0,Weak Match
Allergy,748,44,6,20,5,16,0.11298830867669932,0.7936561458193993,9,14,4,0.7,0.6,0.3389633506356121,0.5246357993799097,0.058823529411764705,0.47573670716536187,0,0.4395168143422818,PHY1204,SITE204,CRSsNP-001,0,Weak Match
ENT,294,16,1,39,2,9,0.397341158228005,0.6109943538238941,6,9,7,1.0,0.21999999999999997,0.1455753613980979,0.5220486299537834,0.05442176870748299,0.4404576320278177,0,0.5331714775011008,PHY1205,SITE205,CRSsNP-001,0,Weak Match
ENT,837,166,2,22,4,38,0.38933212159758523,0.5770838889372112,3,8,9,1.0,0.56,0.906952772113803,0.053696056123393496,0.1983273596176822,0.35562577391771893,0,0.3306278853694237,PHY1206,SITE206,CRSsNP-001,0,Weak Match
Allergy,431,78,6,4,7,5,0.15442249377265718,0.4886604634868432,6,14,5,0.7,0.92,0.09581434494246663,0.4418397812785692,0.18097447795823665,0.5460301412510263,0,0.5721025375824869,PHY1207,SITE207,CRSsNP-001,0,Weak Match
ENT,269,56,2,13,5,36,0.43443156031811236,0.6485811519789555,1,6,5,1.0,0.74,0.8761725178016163,0.0803121710508813,0.20817843866171004,0.3844897920954422,0,0.4131531260092539,PHY1208,SITE208,CRSsNP-001,0,Weak Match
ENT,620,44,5,45,6,30,0.1619144139384448,0.7379334706221587,5,12,8,1.0,0.09999999999999998,0.7123765241770813,0.21224698974641495,0.07096774193548387,0.3739536810154458,0,0.31595334350941784,PHY1209,SITE209,CRSsNP-001,0,Weak Match
Allergy,562,32,5,42,2,21,0.22047023479894354,0.546559742977655,6,14,7,0.7,0.16000000000000003,0.4305752661812603,0.31122463616109,0.05693950177935943,0.36442227605893185,0,0.3595837584520098,PHY1210,SITE210,CRSsNP-001,0,Weak Match
Allergy,139,21,6,49,3,31,0.199590759664546,0.6775315158049753,8,11,8,0.7,0.020000000000000018,0.6959896623803445,0.20597658486782747,0.1510791366906475,0.3413661349081929,0,0.4015824480635454,PHY1211,SITE211,CRSsNP-001,0,Weak Match
Allergy,636,81,6,20,7,28,0.2489228394292191,0.7195877526931823,9,6,2,0.7,0.6,0.6858270566674544,0.22607500224966903,0.12735849056603774,0.3984719174246978,0,0.3548101768825487,PHY1212,SITE212,CRSsNP-001,0,Weak Match
ENT,360,51,6,13,2,39,0.20186550635598477,0.7266730902091716,3,10,9,1.0,0.74,0.882980094670645,0.08503521622166713,0.14166666666666666,0.42812570044393566,0,0.46957398091799907,PHY1213,SITE213,CRSsNP-001,0,Weak Match
Allergy,494,122,2,17,6,30,0.29558037057538084,0.33117965887870815,2,12,3,0.7,0.6599999999999999,0.7258703403934295,0.09078616715704041,0.24696356275303644,0.34331109008032423,0,0.3267570915152778,PHY1214,SITE214,CRSsNP-001,0,Weak Match
ENT,325,79,3,36,5,27,0.2629631525418742,0.8158486834110401,4,11,6,1.0,0.28,0.6317209723944532,0.30045995979988344,0.24307692307692308,0.4306891254897621,0,0.48887182664159234,PHY1215,SITE215,CRSsNP-001,0,Weak Match
ENT,223,53,6,33,1,26,0.4946277963117306,0.5749519888590289,8,5,6,1.0,0.33999999999999997,0.5692989176920509,0.24763244387669164,0.23766816143497757,0.4760136373648777,0,0.5633884844593372,PHY1216,SITE216,CRSsNP-001,0,Weak Match
Allergy,137,28,8,1,4,8,0.12237054005129028,0.45744964901772867,8,9,2,0.7,0.98,0.12286417709856501,0.40124547432713803,0.20437956204379562,0.5770575676665199,0,0.47666557268329746,PHY1217,SITE217,CRSsNP-001,0,Weak Match
Allergy,427,51,1,15,2,13,0.15687255055494065,0.44505870448780893,3,6,7,0.7,0.7,0.22225140724008477,0.3461437811109444,0.11943793911007025,0.401863100275698,0,0.33495634577024896,PHY1218,SITE218,CRSsNP-001,0,Weak Match
PrimaryCare,350,46,1,13,4,8,0.121130357563441,0.5898084677063703,4,10,9,0.3,0.74,0.12273897846918454,0.5174159788876154,0.13142857142857142,0.37306644078774753,0,0.35114096010125945,PHY1219,SITE219,CRSsNP-001,0,Weak Match
Allergy,275,43,2,17,1,11,0.3503364779929503,0.8320989236813756,3,11,1,0.7,0.6599999999999999,0.176163278188513,0.6855136495085312,0.15636363636363637,0.4945773111737641,0,0.5678485322159781,PHY1220,SITE220,CRSsNP-001,0,Weak Match
Allergy,701,151,6,24,2,27,0.12180371096548784,0.5270085490095882,2,11,8,0.7,0.52,0.5720423746430606,0.22553732717694955,0.21540656205420827,0.4237548684846359,0,0.45037817121803303,PHY1221,SITE221,CRSsNP-001,0,Weak Match
ENT,553,35,9,8,8,6,0.43457589495044935,0.749835448070126,4,7,2,1.0,0.84,0.1644770413038613,0.6265047321067966,0.06329113924050633,0.6436760271010998,0,0.5814384471525426,PHY1222,SITE222,CRSsNP-001,0,Weak Match
ENT,136,18,4,27,6,28,0.30477545227277114,0.35809123859233116,6,11,1,1.0,0.45999999999999996,0.6763227103738862,0.11590600154642378,0.1323529411764706,0.3946371645660138,0,0.4285831808381386,PHY1223,SITE223,CRSsNP-001,0,Weak Match
ENT,415,27,3,45,2,35,0.31080304983261353,0.585634021290637,5,9,8,1.0,0.09999999999999998,0.7930257538037833,0.12121116010348874,0.06506024096385542,0.31620471688128327,0,0.2705179802511939,PHY1224,SITE224,CRSsNP-001,0,Weak Match
ENT,787,120,8,23,6,35,0.32463780308487766,0.8950116842356415,3,12,2,1.0,0.54,0.8549934646255575,0.12978254345065493,0.15247776365946633,0.4525766031424418,0,0.4961031998532096,PHY1225,SITE200,CRSsNP-001,0,Weak Match
PrimaryCare,895,205,9,46,9,38,0.1683254825224843,0.7622626816754022,2,12,6,0.3,0.07999999999999996,0.9603555933824793,0.030219451701701365,0.22905027932960895,0.27027090083449457,0,0.29721915070219407,PHY1226,SITE201,CRSsNP-001,0,Weak Match
ENT,692,142,5,8,7,28,0.17907612124579503,0.4263170930643678,9,11,6,1.0,0.84,0.6787759061561675,0.13694332190973837,0.20520231213872833,0.4698116518010131,0,0.42390606107977147,PHY1227,SITE202,CRSsNP-001,0,Weak Match
PrimaryCare,213,20,9,8,9,30,0.2275269291492019,0.6008648842187465,1,10,5,0.3,0.84,0.7644285252561681,0.1415466268971919,0.09389671361502347,0.35434065125757747,0,0.35104292958148275,PHY1228,SITE203,CRSsNP-001,0,Weak Match
Allergy,139,34,2,26,5,20,0.33739856632874055,0.44017485818913993,9,6,8,0.7,0.48,0.46256974530680905,0.23656328614612868,0.2446043165467626,0.38020676183523544,0,0.4414409499146982,PHY1229,SITE204,CRSsNP-001,0,Weak Match
Allergy,400,73,3,47,7,17,0.18404711037608582,0.5457365563575056,1,10,3,0.7,0.06000000000000005,0.4016603420052246,0.3265358244861964,0.1825,0.3617661306967168,0,0.2671642653385542,PHY1230,SITE205,CRSsNP-001,0,Weak Match
Allergy,323,16,7,13,7,19,0.1465326908533045,0.768050414240979,7,13,4,0.7,0.74,0.44834908446955835,0.423695714189571,0.04953560371517028,0.47128813531975094,0,0.4863435756756867,PHY1231,SITE206,CRSsNP-001,0,Weak Match
Allergy,417,42,7,39,3,31,0.4880467545673729,0.7627348891742423,6,6,7,0.7,0.21999999999999997,0.7251098084493628,0.2096683397874615,0.10071942446043165,0.361602543227664,0,0.3062575771334819,PHY1232,SITE207,CRSsNP-001,0,Weak Match
ENT,448,45,6,37,7,8,0.10879272592384917,0.4368602267414311,7,5,7,1.0,0.26,0.16692177349086845,0.3639387429261285,0.10044642857142858,0.497207178378996,0,0.4963977979165555,PHY1233,SITE208,CRSsNP-001,0,Weak Match
ENT,214,13,6,49,1,20,0.42107896213440865,0.8533339908929161,3,9,8,1.0,0.020000000000000018,0.4104463623363787,0.5030861584729341,0.06074766355140187,0.46675951134879945,0,0.48964762319166344,PHY1234,SITE209,CRSsNP-001,0,Weak Match
Allergy,797,192,2,28,9,34,0.4152140598300088,0.6555409096588961,3,10,2,0.7,0.43999999999999995,0.8843276549011218,0.0758279543284964,0.24090338770388958,0.3009586723015595,0,0.40161712099797653,PHY1235,SITE210,CRSsNP-001,0,Weak Match
ENT,422,61,6,25,6,34,0.2188856455380384,0.5279545745772087,1,7,2,1.0,0.5,0.8190796511663428,0.09551772580083366,0.14454976303317535,0.41333302080182627,0,0.41201813175992524,PHY1236,SITE211,CRSsNP-001,0,Weak Match
ENT,667,152,4,16,5,7,0.15425064640292538,0.6011613484685164,4,12,4,1.0,0.6799999999999999,0.11598735259743227,0.5314342351757507,0.22788605697151423,0.5796596260182856,1,0.6529359089793819,PHY1237,SITE212,CRSsNP-001,0,Weak Match
Allergy,139,15,3,2,7,26,0.1582514586821694,0.6630427520626463,2,11,9,0.7,0.96,0.6261977295254162,0.24784688614273373,0.1079136690647482,0.3949280215421922,0,0.3529031122047419,PHY1238,SITE213,CRSsNP-001,0,Weak Match
ENT,965,72,2,18,5,26,0.378972646894877,0.6359343191074713,8,6,9,1.0,0.64,0.6181943923779187,0.24280328911456261,0.07461139896373056,0.3993940683260533,0,0.37464306517687945,PHY1239,SITE214,CRSsNP-001,0,Weak Match
PrimaryCare,139,20,1,17,5,16,0.3571226364344695,0.591843021321707,3,11,4,0.3,0.6599999999999999,0.36360914552423196,0.3766434860544413,0.14388489208633093,0.3159390056800478,0,0.34529193547248194,PHY1240,SITE215,CRSsNP-001,0,Weak Match
PrimaryCare,958,69,5,30,7,25,0.41309826970055474,0.6029596824536401,7,5,9,0.3,0.4,0.6266870237239016,0.22509267363125954,0.0720250521920668,0.27535609540187844,0,0.28544414782222655,PHY1241,SITE216,CRSsNP-001,0,Weak Match
PrimaryCare,848,124,2,39,7,8,0.47499246895964187,0.4058471462567317,7,13,3,0.3,0.21999999999999997,0.20389028929942896,0.323098854195099,0.14622641509433962,0.29278734568266185,0,0.2763664015912968,PHY1242,SITE217,CRSsNP-001,0,Weak Match
ENT,388,90,2,13,3,35,0.3767709453066368,0.7876397425828077,9,11,5,1.0,0.74,0.8148280972237579,0.145848749836248,0.23195876288659795,0.4096766309665233,0,0.391900908682139,PHY1243,SITE218,CRSsNP-001,0,Weak Match
ENT,361,55,7,32,3,35,0.1623406146205774,0.6250561919646093,6,10,9,1.0,0.36,0.7931809737056302,0.12927351300138715,0.1523545706371191,0.4256252478889942,0,0.4922899756849192,PHY1244,SITE219,CRSsNP-001,0,Weak Match
PrimaryCare,315,54,8,29,3,27,0.1973770467061643,0.37864791702282186,1,6,6,0.3,0.42000000000000004,0.5948144043533705,0.15342268179924762,0.17142857142857143,0.3360602387816553,0,0.32163813023027665,PHY1245,SITE220,CRSsNP-001,0,Weak Match
ENT,246,20,8,46,6,24,0.4368774923492459,0.7596942609496669,8,7,3,1.0,0.07999999999999996,0.5887068666661144,0.31245703296175903,0.08130081300813008,0.45194592317777293,0,0.40090345714196807,PHY1246,SITE221,CRSsNP-001,0,Weak Match
PrimaryCare,435,25,4,30,6,19,0.18372243033368343,0.8594663870264105,1,5,9,0.3,0.4,0.436960687894469,0.4839133633291763,0.05747126436781609,0.3274544199683424,0,0.2847106387554563,PHY1247,SITE222,CRSsNP-001,0,Weak Match
PrimaryCare,267,19,1,18,3,27,0.12900892678179257,0.8683841395421774,3,14,6,0.3,0.64,0.5879125209678907,0.3578502308954033,0.07116104868913857,0.2695690562545762,0,0.30306411303865705,PHY1248,SITE223,CRSsNP-001,0,Weak Match
PrimaryCare,191,32,7,13,3,32,0.38131202161690025,0.5214106394467037,5,9,4,0.3,0.74,0.7395726921363686,0.13578956912255966,0.16753926701570682,0.3340854613648018,0,0.44691158392542446,PHY1249,SITE224,CRSsNP-001,0,Weak Match
ENT,452,31,1,43,8,20,0.2610105421960568,0.38131012413645243,8,13,4,1.0,0.14,0.5002865392117365,0.19054580176582903,0.06858407079646017,0.33422652413110726,0,0.30802738996620804,PHY1250,SITE200,CRSsNP-001,0,Weak Match
ENT,670,83,4,21,8,25,0.4680160210183615,0.6110397759798392,9,10,8,1.0,0.5800000000000001,0.6473738354246585,0.21546861260674655,0.12388059701492538,0.42732648823261477,0,0.5347577645004529,PHY1251,SITE201,CRSsNP-001,0,Weak Match
PrimaryCare,670,107,8,30,7,19,0.36010202843746464,0.3675655376095324,7,9,7,0.3,0.4,0.4699092892016848,0.19484307709640192,0.15970149253731344,0.35190305963344026,0,0.35136102125544905,PHY1252,SITE202,CRSsNP-001,0,Weak Match
ENT,915,116,2,21,4,21,0.13616759111666432,0.8603924511075705,9,7,1,1.0,0.5800000000000001,0.45235029819191075,0.47119366928699197,0.126775956284153,0.4686976931092456,0,0.45470708161026385,PHY1253,SITE203,CRSsNP-001,0,Weak Match
ENT,780,64,6,48,4,17,0.47914262690146436,0.4101477764130876,3,9,6,1.0,0.040000000000000036,0.38602245870504787,0.2518215233296993,0.08205128205128205,0.42627487930825564,0,0.38076102572666803,PHY1254,SITE204,CRSsNP-001,0,Weak Match
Allergy,880,92,6,17,3,23,0.20342290545609837,0.4516595159706984,5,12,8,0.7,0.6599999999999999,0.4944729647904385,0.22832609603285278,0.10454545454545454,0.4183542863638903,0,0.4084535963514328,PHY1255,SITE205,CRSsNP-001,0,Weak Match
PrimaryCare,462,108,9,40,5,34,0.23488499616251432,0.5439819161309822,8,6,3,0.3,0.19999999999999996,0.8055520471223601,0.10577616999412552,0.23376623376623376,0.3140415877281476,0,0.27623455572054567,PHY1256,SITE206,CRSsNP-001,0,Weak Match
Allergy,656,121,5,19,3,22,0.2609041654734168,0.5298986811354756,1,9,9,0.7,0.62,0.4750378553512758,0.2781767480954097,0.18445121951219512,0.43124436896200313,0,0.38942532776146893,PHY1257,SITE207,CRSsNP-001,0,Weak Match
Allergy,444,66,4,15,8,18,0.1204897185617253,0.7767977354387334,8,10,2,0.7,0.7,0.43562482208998665,0.43840536013833065,0.14864864864864866,0.4512807519808296,0,0.3686782386005465,PHY1258,SITE208,CRSsNP-001,0,Weak Match
ENT,792,41,5,9,7,24,0.29860616889224195,0.5737900923305774,7,14,6,1.0,0.8200000000000001,0.5898908974374053,0.23531653982500145,0.05176767676767677,0.458016137413179,0,0.5463219716456597,PHY1259,SITE209,CRSsNP-001,0,Weak Match
Allergy,269,66,5,10,3,23,0.14932739643011692,0.40246095600200216,1,12,1,0.7,0.8,0.48901192687702943,0.20565274841469172,0.24535315985130113,0.4485676469580607,0,0.5017869440347595,PHY1260,SITE210,CRSsNP-001,0,Weak Match
PrimaryCare,455,83,8,44,9,11,0.2603881306753407,0.4603259372916445,6,12,2,0.3,0.12,0.28822496815670234,0.3276485086740561,0.1824175824175824,0.37431160052353657,0,0.3878916189046613,PHY1261,SITE211,CRSsNP-001,0,Weak Match
ENT,290,32,8,31,5,8,0.24028391519683373,0.6054680311125132,1,9,5,1.0,0.38,0.1499105091420715,0.5147020102991888,0.1103448275862069,0.5735355580421824,0,0.5663347599579783,PHY1262,SITE212,CRSsNP-001,0,Weak Match
Allergy,766,173,2,23,9,38,0.40913603337060134,0.38847235045568096,2,13,1,0.7,0.54,0.9846658470765314,0.005956894428426708,0.2258485639686684,0.28318693517019927,0,0.2829079202818594,PHY1263,SITE213,CRSsNP-001,0,Weak Match
PrimaryCare,521,52,7,30,7,6,0.42126820465309245,0.6669934053876085,5,8,8,0.3,0.4,0.14799083931920487,0.5682844915039217,0.09980806142034548,0.42880982972395026,0,0.3899643832793317,PHY1264,SITE214,CRSsNP-001,0,Weak Match
Allergy,799,126,8,33,7,9,0.16136515295563522,0.6394483839306876,2,13,1,0.7,0.33999999999999997,0.19746699850722188,0.513178430855601,0.15769712140175218,0.516313266670836,0,0.4596206916716077,PHY1265,SITE215,CRSsNP-001,0,Weak Match
Allergy,106,18,6,9,6,14,0.24662047495169048,0.7288213898293547,1,11,9,0.7,0.8200000000000001,0.31712063273740454,0.4976970895341152,0.16981132075471697,0.5222801848217618,0,0.5581508904833071,PHY1266,SITE216,CRSsNP-001,0,Weak Match
Allergy,232,21,5,47,2,36,0.2493412644127327,0.8626227692276207,6,10,3,0.7,0.06000000000000005,0.8120590221191616,0.16212216679091584,0.09051724137931035,0.2948478414910946,0,0.28173670673648166,PHY1267,SITE217,CRSsNP-001,0,Weak Match
ENT,846,207,9,1,9,17,0.16056417757443403,0.8473527366606934,8,8,2,1.0,0.98,0.4295752320740026,0.4833509881611348,0.24468085106382978,0.6478828871907842,1,0.6641696728422287,PHY1268,SITE218,CRSsNP-001,1,Strong Match
ENT,656,130,3,44,6,9,0.41938140202047625,0.8676453708412988,8,6,1,1.0,0.12,0.20837143109374257,0.6868528632372364,0.19817073170731708,0.5230761124649024,0,0.439954164283743,PHY1269,SITE219,CRSsNP-001,0,Weak Match
PrimaryCare,925,149,4,35,8,14,0.3828913313341693,0.44682935821422054,8,12,9,0.3,0.30000000000000004,0.3611629521483536,0.2854511480950185,0.16108108108108107,0.3112442046744386,0,0.2954727645757051,PHY1270,SITE220,CRSsNP-001,0,Weak Match
PrimaryCare,860,74,9,11,1,14,0.1761527145188139,0.37893918398361276,6,10,4,0.3,0.78,0.2342929520827723,0.2901564039082553,0.08604651162790698,0.42911361348035065,0,0.3714456232584783,PHY1271,SITE221,CRSsNP-001,0,Weak Match
PrimaryCare,130,7,6,34,5,31,0.24668876343751964,0.4813660202978691,3,7,1,0.3,0.31999999999999995,0.7310298236137369,0.12947310338587134,0.05384615384615385,0.24825317677733905,0,0.27245596439458586,PHY1272,SITE222,CRSsNP-001,0,Weak Match
PrimaryCare,634,72,8,16,1,25,0.1423220099426057,0.8370511036597887,1,11,1,0.3,0.6799999999999999,0.5084950765959688,0.41141473858956423,0.11356466876971609,0.407824607250745,0,0.45758849987960426,PHY1273,SITE223,CRSsNP-001,0,Weak Match
Allergy,525,105,7,9,8,12,0.35128263883721755,0.8832320847740931,2,14,7,0.7,0.8200000000000001,0.3074961085028057,0.6116416558012393,0.2,0.5685787203099674,1,0.6415636897706584,PHY1274,SITE224,CRSsNP-001,1,Strong Match
Allergy,493,51,2,32,8,5,0.14854876981944787,0.8155949706422856,5,11,2,0.7,0.36,0.11036414902013898,0.7255825257622445,0.10344827586206896,0.46594215921595217,0,0.43449317256865927,PHY1275,SITE200,CRSsNP-001,0,Weak Match
Allergy,771,121,3,15,1,32,0.49437366744996714,0.36601063267652617,5,10,7,0.7,0.7,0.7207009325770752,0.10222642837342844,0.1569390402075227,0.3426099524688588,0,0.2862149978672403,PHY1276,SITE201,CRSsNP-001,0,Weak Match
Allergy,462,90,1,12,9,18,0.4122728298751449,0.868456798835876,1,6,7,0.7,0.76,0.4802236134467267,0.4514033367765346,0.19480519480519481,0.421959604711933,0,0.40102992431331963,PHY1277,SITE202,CRSsNP-001,0,Weak Match
Allergy,536,38,9,33,2,25,0.25609541983359807,0.5540148164104717,1,12,9,0.7,0.33999999999999997,0.5351234717788674,0.25754848443596823,0.0708955223880597,0.4247212303063218,0,0.38975558420563616,PHY1278,SITE203,CRSsNP-001,0,Weak Match
Allergy,769,143,7,45,9,34,0.3314255729117418,0.3055861744574122,9,5,7,0.7,0.09999999999999998,0.8758690580229952,0.037932699690547904,0.1859557867360208,0.32148858081981524,0,0.3430502496271371,PHY1279,SITE204,CRSsNP-001,0,Weak Match
PrimaryCare,650,44,1,14,1,25,0.4645367264865635,0.5654362444489163,2,5,1,0.3,0.72,0.5410232256972145,0.2595221035510449,0.06769230769230769,0.26172517506356446,0,0.19158606045726934,PHY1280,SITE205,CRSsNP-001,0,Weak Match
ENT,181,43,3,8,9,13,0.3216397121583304,0.32764150180528057,7,10,8,1.0,0.84,0.34488431420273574,0.21464308715081196,0.23756906077348067,0.49683245120325903,0,0.409112698089222,PHY1281,SITE206,CRSsNP-001,0,Weak Match
ENT,455,67,4,8,4,21,0.16979939455918208,0.6263267526966705,4,9,8,1.0,0.84,0.45574548860610387,0.340881160761852,0.14725274725274726,0.5034148701049468,0,0.48609245523707806,PHY1282,SITE207,CRSsNP-001,0,Weak Match
ENT,357,28,4,27,9,9,0.25148134223246377,0.5031324164622308,7,13,4,1.0,0.45999999999999996,0.23684992212944347,0.38396554280235273,0.0784313725490196,0.4787159594847811,0,0.5150412627047523,PHY1283,SITE208,CRSsNP-001,0,Weak Match
Allergy,817,96,5,12,7,35,0.43725794601189816,0.5840609601564293,8,11,8,0.7,0.76,0.8815054354559004,0.06920804914094478,0.1175030599755202,0.3460668312764789,0,0.29469399672194796,PHY1284,SITE209,CRSsNP-001,0,Weak Match
ENT,688,91,3,1,6,23,0.3576852063958472,0.6679022164458703,5,6,4,1.0,0.98,0.5554743195145592,0.2968996872633347,0.13226744186046513,0.4798993659663274,0,0.5223550307466478,PHY1285,SITE210,CRSsNP-001,0,Weak Match
ENT,623,125,3,43,5,37,0.3602897537335201,0.8212806574906921,1,11,8,1.0,0.14,0.8939257154129727,0.08711675818848855,0.20064205457463885,0.3371912937400601,0,0.3554581804414068,PHY1286,SITE211,CRSsNP-001,0,Weak Match
Allergy,394,78,1,40,9,17,0.4467285942753957,0.6971409458831572,4,7,5,0.7,0.19999999999999996,0.4584640392450742,0.3775268919104333,0.19796954314720813,0.35415136024438126,0,0.43149113958135,PHY1287,SITE212,CRSsNP-001,0,Weak Match
ENT,323,55,7,42,2,18,0.45758922298500193,0.5604293210869085,3,5,4,1.0,0.16000000000000003,0.37879901523151294,0.34813924615232217,0.17027863777089783,0.4953176071500376,0,0.4552048738281831,PHY1288,SITE213,CRSsNP-001,0,Weak Match
Allergy,624,44,1,11,2,37,0.46791702871177454,0.7916567122022191,5,12,6,0.7,0.78,0.8593625794793979,0.11133655794194079,0.07051282051282051,0.2869592587686535,0,0.2066356654288104,PHY1289,SITE214,CRSsNP-001,0,Weak Match
ENT,145,11,2,39,9,33,0.13793967730126244,0.8433492825438793,6,7,2,1.0,0.21999999999999997,0.8310983675609128,0.14244307053799418,0.07586206896551724,0.31634429459288693,0,0.3462713826036424,PHY1290,SITE215,CRSsNP-001,0,Weak Match
ENT,766,52,4,43,3,14,0.31765040078524037,0.37185597985931834,2,12,2,1.0,0.14,0.2788629292730293,0.26815913204805625,0.06788511749347259,0.4167168128556765,0,0.4307105397479145,PHY1291,SITE216,CRSsNP-001,0,Weak Match
PrimaryCare,212,35,4,31,8,35,0.3962038084873275,0.6191597865316749,7,11,2,0.3,0.38,0.8925037141707121,0.06655737738700983,0.1650943396226415,0.22333468896599115,0,0.23345958932571712,PHY1292,SITE217,CRSsNP-001,0,Weak Match
ENT,332,74,5,17,9,10,0.40277073805080554,0.4707071758454665,3,6,9,1.0,0.6599999999999999,0.2773608008377009,0.3401514565929154,0.22289156626506024,0.5370171028010781,0,0.4846257175883639,PHY1293,SITE218,CRSsNP-001,0,Weak Match
ENT,116,15,2,33,8,5,0.34268648078800157,0.32823671872616844,1,5,3,1.0,0.33999999999999997,0.12996269646171166,0.2855781896827712,0.12931034482758622,0.44044695449727966,0,0.4792044848635629,PHY1294,SITE219,CRSsNP-001,0,Weak Match
Allergy,459,37,4,32,4,11,0.16671493407346966,0.7011280170683912,3,11,4,0.7,0.36,0.20305465742061177,0.5587607077545762,0.08061002178649238,0.4475991812554771,0,0.41592789090172355,PHY1295,SITE220,CRSsNP-001,0,Weak Match
Allergy,322,52,1,29,1,31,0.4189682215766658,0.8176624664755354,9,5,8,0.7,0.42000000000000004,0.6878506736712873,0.255232788074612,0.16149068322981366,0.3196341610552471,0,0.3297371849890787,PHY1296,SITE221,CRSsNP-001,0,Weak Match
ENT,965,204,2,21,4,25,0.38804453340597833,0.39774159268643644,6,10,4,1.0,0.5800000000000001,0.578729503561455,0.16755679820527264,0.21139896373056996,0.4164881502175515,0,0.3935097446300044,PHY1297,SITE222,CRSsNP-001,0,Weak Match
Allergy,799,158,1,21,9,32,0.13445430861961452,0.7874481945743403,6,14,7,0.7,0.5800000000000001,0.8055085684483823,0.15315192663550029,0.19774718397997496,0.3125163244772555,0,0.3302354039914723,PHY1298,SITE223,CRSsNP-001,0,Weak Match
ENT,547,123,4,40,2,20,0.2855239298697505,0.812037440122165,4,14,5,1.0,0.19999999999999996,0.41190460753789404,0.4775554770425685,0.22486288848263253,0.49053635677538243,0,0.43077983420963295,PHY1299,SITE224,CRSsNP-001,0,Weak Match
ENT,955,100,4,23,3,27,0.16959095980872144,0.8486042655998902,8,12,9,1.0,0.54,0.5920093494283981,0.34622260639993563,0.10471204188481675,0.4502215968083515,0,0.47520551217065116,PHY1300,SITE200,CRSsNP-001,0,Weak Match
Allergy,464,41,7,6,8,24,0.23499081828518875,0.45917105345163145,5,11,4,0.7,0.88,0.5986115815379073,0.1843059429485234,0.08836206896551724,0.43209054767729327,0,0.4649700106534904,PHY1301,SITE201,CRSsNP-001,0,Weak Match
Allergy,774,174,9,22,6,29,0.10723243688227418,0.8423718391139337,7,8,3,0.7,0.56,0.6816183363312651,0.2681957475647861,0.2248062015503876,0.4726788662674276,0,0.47847777418156245,PHY1302,SITE202,CRSsNP-001,0,Weak Match
Allergy,425,77,9,38,8,32,0.26013194736430334,0.4923976528418593,9,5,2,0.7,0.24,0.8030531827915971,0.0969761505280923,0.1811764705882353,0.3833840294735176,0,0.4655788657336023,PHY1303,SITE203,CRSsNP-001,0,Weak Match
Allergy,566,63,5,37,7,9,0.31995076846248416,0.6314028080733017,5,5,1,0.7,0.26,0.21347649863759804,0.4966131473758659,0.11130742049469965,0.4468018347350883,0,0.4571598507757073,PHY1304,SITE204,CRSsNP-001,0,Weak Match
PrimaryCare,513,101,1,45,5,25,0.34783303713083474,0.3303044824993693,5,8,6,0.3,0.09999999999999998,0.5898128484100993,0.1354866548337925,0.1968810916179337,0.20233631903023203,0,0.24827400703206545,PHY1305,SITE205,CRSsNP-001,0,Weak Match
Allergy,554,118,1,8,9,22,0.3653961380514841,0.32632865302124614,4,9,2,0.7,0.84,0.5764431077416216,0.1382187501285417,0.21299638989169675,0.36224853672447044,0,0.3668693766144228,PHY1306,SITE206,CRSsNP-001,0,Weak Match
ENT,685,118,6,41,4,10,0.43451652524098405,0.7322239276393219,6,11,8,1.0,0.18000000000000005,0.20485175973160236,0.5822265675448213,0.17226277372262774,0.547025830966461,0,0.5884957741666971,PHY1307,SITE207,CRSsNP-001,0,Weak Match
Allergy,332,62,2,49,6,33,0.18618516291029202,0.5666879867866746,2,8,6,0.7,0.020000000000000018,0.7905405343049473,0.11869816292814195,0.18674698795180722,0.2633723261430855,0,0.18670711036001425,PHY1308,SITE208,CRSsNP-001,0,Weak Match
ENT,323,40,8,35,2,23,0.14819272897538718,0.4537754252215306,3,14,5,1.0,0.30000000000000004,0.47375461321344337,0.23879722415993856,0.1238390092879257,0.4813437358326248,0,0.4829909757013791,PHY1309,SITE209,CRSsNP-001,0,Weak Match
ENT,930,146,9,11,2,37,0.44061486875917033,0.41424809761494613,1,5,2,1.0,0.78,0.8566063778407826,0.059400535189572175,0.15698924731182795,0.4784667810817932,0,0.4221200129418751,PHY1310,SITE210,CRSsNP-001,0,Weak Match
ENT,511,79,4,24,2,5,0.16264512595705996,0.7019720945155309,2,14,7,1.0,0.52,0.02093059947287198,0.6872793977640933,0.15459882583170254,0.5860125260634571,0,0.5930338858440464,PHY1311,SITE211,CRSsNP-001,0,Weak Match
ENT,671,147,5,49,7,7,0.4899040325344781,0.3002409264152039,2,11,2,1.0,0.020000000000000018,0.180157693240387,0.246150213695884,0.21907600596125187,0.4629832749054511,0,0.48219291040595474,PHY1312,SITE212,CRSsNP-001,0,Weak Match
PrimaryCare,434,94,8,21,2,25,0.43701529175945486,0.7835347015181127,8,6,5,0.3,0.5800000000000001,0.5533876548444466,0.3499362705557608,0.21658986175115208,0.40679595406449554,0,0.44717083471678826,PHY1313,SITE213,CRSsNP-001,0,Weak Match
PrimaryCare,321,69,3,2,2,39,0.30035064235583964,0.3475497636779573,8,6,2,0.3,0.96,0.892922344430124,0.03721481388850012,0.21495327102803738,0.27288904609169695,0,0.29738454241197604,PHY1314,SITE214,CRSsNP-001,0,Weak Match
Allergy,136,7,5,40,9,7,0.49256856996881015,0.4148937689448717,2,12,2,0.7,0.19999999999999996,0.2107122169658122,0.32747058308519633,0.051470588235294115,0.39229054197928154,0,0.37544789374042453,PHY1315,SITE215,CRSsNP-001,0,Weak Match
ENT,377,75,3,19,7,29,0.1389506916432017,0.5317418371794538,6,14,7,1.0,0.62,0.6999631175649775,0.15954216308759464,0.1989389920424403,0.4186468688716312,0,0.38096709445359067,PHY1316,SITE216,CRSsNP-001,0,Weak Match
ENT,295,59,3,39,3,24,0.22122630447004066,0.5909152438296622,5,14,9,1.0,0.21999999999999997,0.5215081945477283,0.2827481018893244,0.2,0.42139880092309207,0,0.3042726259360089,PHY1317,SITE217,CRSsNP-001,0,Weak Match
ENT,963,178,3,28,3,38,0.3552897660162446,0.5129970694883651,3,14,5,1.0,0.43999999999999995,0.888373368765919,0.05726413469994196,0.18483904465212878,0.35782525122642866,0,0.3612678801189563,PHY1318,SITE218,CRSsNP-001,0,Weak Match
ENT,583,117,7,17,7,25,0.24000274738927152,0.49242729899057636,5,9,7,1.0,0.6599999999999999,0.609212722677409,0.1924343234518448,0.2006861063464837,0.498737119009249,0,0.5556302047247007,PHY1319,SITE219,CRSsNP-001,0,Weak Match
Allergy,341,74,7,6,5,27,0.4713490207923168,0.8783496072439132,5,14,4,0.7,0.88,0.6527578966719891,0.3049999650767087,0.21700879765395895,0.4829764027616326,0,0.48839607609404234,PHY1320,SITE220,CRSsNP-001,0,Weak Match
Allergy,423,60,7,19,6,10,0.12625043527112703,0.6849478087460366,5,6,2,0.7,0.62,0.20401728323745644,0.5452066176462212,0.14184397163120568,0.5311005881133001,0,0.5268630035518895,PHY1321,SITE221,CRSsNP-001,0,Weak Match
Allergy,830,124,8,38,8,17,0.31976473282438583,0.31405977322043294,3,9,3,0.7,0.24,0.43050404450130175,0.17885577063387495,0.1493975903614458,0.4140701472670063,0,0.42122301169447685,PHY1322,SITE222,CRSsNP-001,0,Weak Match
ENT,291,21,5,28,9,27,0.3363465069580458,0.5581055450665879,3,12,2,1.0,0.43999999999999995,0.6997002204861771,0.16759897212893832,0.07216494845360824,0.400591009490572,0,0.3812055394934172,PHY1323,SITE223,CRSsNP-001,0,Weak Match
PrimaryCare,116,14,5,2,1,13,0.36109124951088967,0.8250052198463822,4,10,5,0.3,0.96,0.2277248813961731,0.6371310040056412,0.1206896551724138,0.4658261264546143,0,0.475574520746642,PHY1324,SITE224,CRSsNP-001,0,Weak Match
Allergy,623,111,4,38,3,21,0.20226648933272579,0.4808737118464008,7,7,6,0.7,0.24,0.4438803326426668,0.2674233286729065,0.1781701444622793,0.3776391685858845,0,0.3573909855202549,PHY1325,SITE200,CRSsNP-001,0,Weak Match
Allergy,500,103,7,37,7,6,0.2458265710079458,0.35673380686463296,2,12,7,0.7,0.26,0.13027969415803436,0.3102586356104773,0.206,0.471523757706292,0,0.42657968775521293,PHY1326,SITE201,CRSsNP-001,0,Weak Match
Allergy,985,92,4,4,6,23,0.43747221186599106,0.7550308629539507,4,13,3,0.7,0.92,0.5635289597188053,0.329549106197919,0.09340101522842639,0.4249071790748099,0,0.42114224934271416,PHY1327,SITE202,CRSsNP-001,0,Weak Match
ENT,804,62,2,22,7,23,0.17797710758806395,0.6636082991616488,4,9,4,1.0,0.56,0.5524752340665104,0.29698114875383796,0.07711442786069651,0.4094273133092907,0,0.40457216627855735,PHY1328,SITE203,CRSsNP-001,0,Weak Match
ENT,121,22,4,26,8,11,0.4307471388693448,0.6421875046959024,1,6,8,1.0,0.48,0.2902802462681157,0.45577315768246907,0.18181818181818182,0.5155811523642277,1,0.6093396567205421,PHY1329,SITE204,CRSsNP-001,1,Strong Match
ENT,573,28,8,49,6,24,0.325062169161097,0.33214593576444473,8,6,4,1.0,0.020000000000000018,0.5774189107853906,0.14035859131354472,0.04886561954624782,0.4045462320707318,0,0.36426173242062626,PHY1330,SITE205,CRSsNP-001,0,Weak Match
Allergy,219,18,9,43,3,13,0.4048750044776329,0.3842994058773104,1,11,7,0.7,0.14,0.26243046331399583,0.2834475347416345,0.0821917808219178,0.4399944058224068,0,0.43202232062150664,PHY1331,SITE206,CRSsNP-001,0,Weak Match
ENT,309,17,3,36,2,21,0.3854429465053887,0.6735296377278683,8,5,6,1.0,0.28,0.4472295550405092,0.3723072775402384,0.05501618122977346,0.4164925453114402,0,0.4036592789933642,PHY1332,SITE207,CRSsNP-001,0,Weak Match
ENT,405,33,7,13,7,31,0.18300459815395162,0.42469430487530146,7,14,7,1.0,0.74,0.7548863277147616,0.10409838066661177,0.08148148148148149,0.44470141373221656,0,0.4223172721031945,PHY1333,SITE208,CRSsNP-001,0,Weak Match
ENT,369,31,9,32,1,6,0.32752509457354917,0.6024420478490546,9,6,1,1.0,0.36,0.04767070372852288,0.5737232114724378,0.08401084010840108,0.6019802819487355,1,0.6276355439040681,PHY1334,SITE209,CRSsNP-001,1,Strong Match
ENT,803,102,4,17,3,23,0.44708926112203695,0.626929011617636,8,14,3,1.0,0.6599999999999999,0.5190715170635081,0.301508018466144,0.12702366127023662,0.46615036730443715,0,0.5780485181956481,PHY1335,SITE210,CRSsNP-001,0,Weak Match
PrimaryCare,786,102,3,41,4,21,0.2728464947207717,0.47010431416256365,5,8,6,0.3,0.18000000000000005,0.4661482767669292,0.2509659982149855,0.1297709923664122,0.25902112005790723,0,0.24297976022437676,PHY1336,SITE211,CRSsNP-001,0,Weak Match
Allergy,384,86,5,36,1,9,0.4866363080893267,0.8690550933248957,8,5,3,0.7,0.28,0.13944709873629516,0.7478678819187388,0.22395833333333334,0.5346184498434516,0,0.5604131744244286,PHY1337,SITE212,CRSsNP-001,0,Weak Match
ENT,815,123,1,46,5,22,0.28088604004068723,0.805478464101345,3,8,7,1.0,0.07999999999999996,0.5073405950810432,0.39682654079920393,0.150920245398773,0.38936131000142976,0,0.2937427104540692,PHY1338,SITE213,CRSsNP-001,0,Weak Match
ENT,775,150,3,19,3,11,0.1571142546671539,0.7334241045796792,7,14,9,1.0,0.62,0.18694268478301032,0.5963158333849786,0.1935483870967742,0.5559559949728883,0,0.5362795184736867,PHY1339,SITE214,CRSsNP-001,0,Weak Match
ENT,862,61,8,35,2,21,0.25577387203106927,0.34679631984564546,4,9,3,1.0,0.30000000000000004,0.43413923119198383,0.1962384321676476,0.07076566125290024,0.46352517862755627,0,0.5412872356081663,PHY1340,SITE215,CRSsNP-001,0,Weak Match
ENT,326,30,8,46,3,8,0.48068096255621484,0.3636780115854117,5,13,1,1.0,0.07999999999999996,0.14389348499381524,0.3113471150827657,0.09202453987730061,0.4988862094864968,0,0.49613718981409777,PHY1341,SITE216,CRSsNP-001,0,Weak Match
ENT,480,91,4,40,8,29,0.2278883397359417,0.5956688075189734,9,5,6,1.0,0.19999999999999996,0.7240842983925493,0.16435437695227106,0.18958333333333333,0.3878582788845326,0,0.4129752796349972,PHY1342,SITE217,CRSsNP-001,0,Weak Match
ENT,559,33,2,28,6,9,0.4472392639468251,0.3964280095145914,7,9,1,1.0,0.43999999999999995,0.21118373183562547,0.31270886306113116,0.059033989266547404,0.43018189674530055,0,0.3990443399388411,PHY1343,SITE218,CRSsNP-001,0,Weak Match
ENT,106,15,8,1,7,34,0.45250027267275594,0.8869592781176845,4,6,1,1.0,0.98,0.8578062305190725,0.12612008313163592,0.14150943396226415,0.49282075206498605,0,0.5056986116578093,PHY1344,SITE219,CRSsNP-001,0,Weak Match
Allergy,128,21,8,42,6,16,0.24007460973278444,0.39511214041644566,6,13,8,0.7,0.16000000000000003,0.3669357058754306,0.2501313882727849,0.1640625,0.43034833206701395,0,0.511987144406318,PHY1345,SITE220,CRSsNP-001,0,Weak Match
Allergy,132,22,4,18,6,8,0.13330306322025287,0.5924807012783844,7,10,9,0.7,0.64,0.15425336869896397,0.501088557217069,0.16666666666666666,0.490459041240184,0,0.4324548931267289,PHY1346,SITE221,CRSsNP-001,0,Weak Match
ENT,745,40,3,48,3,28,0.3898231636635273,0.5184726341049033,9,6,2,1.0,0.040000000000000036,0.6394801273098601,0.1869196880408212,0.053691275167785234,0.33585874366912455,0,0.445185868927914,PHY1347,SITE222,CRSsNP-001,0,Weak Match
ENT,978,111,2,40,8,33,0.22460491960559442,0.6836318528724588,4,7,9,1.0,0.19999999999999996,0.8247046110506172,0.11983751154746489,0.11349693251533742,0.3198712743332656,0,0.2425740652385635,PHY1348,SITE223,CRSsNP-001,0,Weak Match
Allergy,178,31,9,33,7,13,0.41316944570302894,0.37742184533365497,3,12,5,0.7,0.33999999999999997,0.3238388697762104,0.25519798151195244,0.17415730337078653,0.4711950351674661,0,0.44691994299319066,PHY1349,SITE224,CRSsNP-001,0,Weak Match
Allergy,558,44,1,12,7,8,0.2770619393041732,0.5581898568254345,8,5,8,0.7,0.76,0.18390885006109023,0.4555338021409043,0.07885304659498207,0.4234291370708173,0,0.38163327783183804,PHY1350,SITE200,CRSsNP-001,0,Weak Match
PrimaryCare,669,126,7,8,6,28,0.2941066969370486,0.4648230196842862,1,7,7,0.3,0.84,0.6752456805348789,0.15095328342929296,0.18834080717488788,0.35875129042609266,0,0.3451282413377305,PHY1351,SITE201,CRSsNP-001,0,Weak Match
Allergy,637,126,5,24,5,18,0.4111637626994148,0.832650914803013,9,14,7,0.7,0.52,0.4195405832830955,0.48332006433535385,0.1978021978021978,0.47116050398931064,0,0.4287153602231069,PHY1352,SITE202,CRSsNP-001,0,Weak Match
ENT,581,143,8,16,8,9,0.25294533242465117,0.32435142728081706,1,5,4,1.0,0.6799999999999999,0.22185494758031088,0.2523924583838324,0.24612736660929432,0.5778248385710589,0,0.5315888553964115,PHY1353,SITE203,CRSsNP-001,0,Weak Match
ENT,529,48,4,4,5,22,0.2772509381291658,0.8482364964038756,2,12,2,1.0,0.92,0.5069736250734519,0.4182029649023987,0.09073724007561437,0.5076275404920382,0,0.44829021021645715,PHY1354,SITE204,CRSsNP-001,0,Weak Match
Allergy,837,179,7,38,9,23,0.25047618750784884,0.7997964831318003,8,5,5,0.7,0.24,0.5900796791448426,0.3278528309842141,0.21385902031063322,0.42902735336001685,0,0.46123003478782787,PHY1355,SITE205,CRSsNP-001,0,Weak Match
ENT,384,59,5,44,9,16,0.246936206110912,0.47854242986448925,9,9,3,1.0,0.12,0.413056697135597,0.28087727434542026,0.15364583333333334,0.44028124348885767,0,0.4283833436918286,PHY1356,SITE206,CRSsNP-001,0,Weak Match
Allergy,615,76,5,27,1,22,0.3103786307605838,0.7735743928062628,7,8,9,0.7,0.45999999999999996,0.44974685674570275,0.4256617411826805,0.12357723577235773,0.4320519715050552,0,0.4070764505200798,PHY1357,SITE207,CRSsNP-001,0,Weak Match
PrimaryCare,198,14,9,9,6,21,0.42351977780046035,0.3187281362032485,3,11,6,0.3,0.8200000000000001,0.5116445467858814,0.15565262340762873,0.0707070707070707,0.3746428376797053,0,0.3887556832088134,PHY1358,SITE208,CRSsNP-001,0,Weak Match
Allergy,496,97,9,47,7,34,0.24470732476902635,0.8801193301760362,7,9,1,0.7,0.06000000000000005,0.8368291626057954,0.14360980811165025,0.19556451612903225,0.37493017439400855,0,0.3001983988394806,PHY1359,SITE209,CRSsNP-001,0,Weak Match
ENT,588,57,9,16,3,28,0.3097018882150947,0.6159569655538737,6,12,3,1.0,0.6799999999999999,0.6313917419563841,0.22704682410264487,0.09693877551020408,0.5095048845024416,0,0.5248235117007589,PHY1360,SITE210,CRSsNP-001,0,Weak Match
Allergy,138,17,6,12,7,15,0.3682909301770404,0.4819686156392672,2,5,4,0.7,0.76,0.36978419364266785,0.30374423974402787,0.12318840579710146,0.4605675300338142,0,0.45587905998275186,PHY1361,SITE211,CRSsNP-001,0,Weak Match
ENT,370,23,6,31,7,39,0.207775778521462,0.5175499275568063,3,9,9,1.0,0.38,0.9592905819875936,0.02106915634320065,0.062162162162162166,0.3518253136104213,0,0.3486734221089599,PHY1362,SITE212,CRSsNP-001,0,Weak Match
Allergy,986,207,5,24,2,27,0.21100912196095703,0.3398432120762984,5,8,6,0.7,0.52,0.5810478196476268,0.1423780546773192,0.2099391480730223,0.38985561598895674,0,0.415813953534304,PHY1363,SITE213,CRSsNP-001,0,Weak Match
PrimaryCare,896,182,9,14,7,21,0.47336525080938197,0.8936097084252237,4,7,4,0.3,0.72,0.5318193029638983,0.41837081616874877,0.203125,0.44827348293735997,0,0.5304496833770346,PHY1364,SITE214,CRSsNP-001,0,Weak Match
ENT,256,50,8,45,1,5,0.3894138293324355,0.32357516709041545,2,9,1,1.0,0.09999999999999998,0.028680536708786033,0.3142948576326272,0.1953125,0.5388190428556469,0,0.5549677799533898,PHY1365,SITE215,CRSsNP-001,0,Weak Match
PrimaryCare,174,19,7,25,5,19,0.33087467048932356,0.6929442738887155,4,14,8,0.3,0.5,0.4366732014698405,0.39035407936953614,0.10919540229885058,0.3767023463016358,0,0.36670862091139667,PHY1366,SITE216,CRSsNP-001,0,Weak Match
PrimaryCare,983,83,7,34,9,36,0.35908802176824484,0.565641556623875,8,7,2,0.3,0.31999999999999995,0.9291375213496578,0.04008276273000569,0.0844354018311292,0.23321165086881768,0,0.17407943149002095,PHY1367,SITE217,CRSsNP-001,0,Weak Match
ENT,899,159,6,3,7,13,0.11171977724136735,0.8693497309132292,5,12,8,1.0,0.94,0.29340698923575625,0.6142764437730638,0.17686318131256953,0.6217303851591796,0,0.5021894888774907,PHY1368,SITE218,CRSsNP-001,0,Weak Match
ENT,229,34,5,24,7,19,0.34724118622467876,0.4475998441840771,5,7,6,1.0,0.52,0.4686109642910409,0.2378496495844571,0.14847161572052403,0.4648267374179183,0,0.47122094577606144,PHY1369,SITE219,CRSsNP-001,0,Weak Match
ENT,786,67,4,42,2,32,0.3038035492896808,0.6192520943628068,3,5,8,1.0,0.16000000000000003,0.7166053069435611,0.1754927572065046,0.08524173027989822,0.3607484533169194,0,0.297766786307876,PHY1370,SITE220,CRSsNP-001,0,Weak Match
ENT,183,34,3,9,8,28,0.3182998719117743,0.5894137251496518,8,13,6,1.0,0.8200000000000001,0.7079735585358996,0.17212439270555216,0.18579234972677597,0.4370756101192145,0,0.31006243740660716,PHY1371,SITE221,CRSsNP-001,0,Weak Match
ENT,121,30,3,26,3,39,0.24376953073232685,0.7217198664300608,6,13,5,1.0,0.48,0.9023531474752989,0.0704736733614431,0.24793388429752067,0.37884289099913887,0,0.361299369844176,PHY1372,SITE222,CRSsNP-001,0,Weak Match
Allergy,558,111,6,20,8,26,0.13258955908517678,0.3408061391714523,2,10,5,0.7,0.6,0.6387498820535672,0.12311625797255554,0.1989247311827957,0.40047944618485326,0,0.4124535329729472,PHY1373,SITE223,CRSsNP-001,0,Weak Match
ENT,638,126,4,40,3,31,0.1773356934448209,0.41627347801401293,2,14,8,1.0,0.19999999999999996,0.6937429738366991,0.1274866774472258,0.1974921630094044,0.38549607885812637,0,0.42271126968492345,PHY1374,SITE224,CRSsNP-001,0,Weak Match
ENT,806,193,6,10,7,23,0.48029788528506867,0.4287388920557099,9,5,7,1.0,0.8,0.5829950546346413,0.17878623825769574,0.23945409429280398,0.5073212657612761,0,0.5603838014415022,PHY1375,SITE200,CRSsNP-001,0,Weak Match
PrimaryCare,948,85,3,19,2,16,0.2634798249083736,0.7428904529050139,7,12,8,0.3,0.62,0.3087274361448008,0.5135397880431991,0.08966244725738397,0.3612508258085057,0,0.4050364339882581,PHY1376,SITE201,CRSsNP-001,0,Weak Match
ENT,481,78,4,3,4,24,0.2866732623323457,0.413483217796044,9,6,8,1.0,0.94,0.5432579483886544,0.188855173203026,0.16216216216216217,0.4779857803422804,0,0.5231145318224838,PHY1377,SITE202,CRSsNP-001,0,Weak Match
PrimaryCare,847,208,9,24,6,5,0.1210839159413756,0.644095058334586,6,13,7,0.3,0.52,0.07730598921100927,0.5943026527041081,0.24557260920897284,0.519523083921964,0,0.4461195832925313,PHY1378,SITE203,CRSsNP-001,0,Weak Match
ENT,539,44,5,5,9,25,0.11502649181759224,0.4291462923005722,5,12,2,1.0,0.9,0.6268816811783967,0.16012234311171386,0.08163265306122448,0.4547444637698092,0,0.44726468189947133,PHY1379,SITE204,CRSsNP-001,0,Weak Match
ENT,703,133,7,3,5,5,0.3868725788187031,0.8169749700503872,1,7,9,1.0,0.94,0.08899506080496224,0.7442682329146209,0.1891891891891892,0.6862514377997253,1,0.715243216129456,PHY1380,SITE205,CRSsNP-001,1,Strong Match
Allergy,120,20,2,27,9,14,0.3152378656484445,0.8653112726937833,6,9,7,0.7,0.45999999999999996,0.36947598134477194,0.5455995410465542,0.16666666666666666,0.4298389767415003,0,0.4321577074987653,PHY1381,SITE206,CRSsNP-001,0,Weak Match
Allergy,402,67,5,16,5,36,0.30348239368650665,0.6110957849653442,6,13,6,0.7,0.6799999999999999,0.8629529663715511,0.08374886459234894,0.16666666666666666,0.35512114294798136,0,0.34736367911885635,PHY1382,SITE207,CRSsNP-001,0,Weak Match
PrimaryCare,968,183,9,49,8,26,0.19724981216906748,0.5113853305255069,3,5,9,0.3,0.020000000000000018,0.6452774496823727,0.18139990863903063,0.1890495867768595,0.3160146334537837,0,0.3174191344493992,PHY1383,SITE208,CRSsNP-001,0,Weak Match
Allergy,183,43,3,15,1,22,0.3979002926519689,0.4404346650104995,3,13,1,0.7,0.7,0.4585823242815359,0.23845911263582498,0.23497267759562843,0.41557675949791856,0,0.42785345940837605,PHY1384,SITE209,CRSsNP-001,0,Weak Match
PrimaryCare,873,180,9,35,7,36,0.16729463164339675,0.32986860091382625,3,8,2,0.3,0.30000000000000004,0.8794901033404131,0.03975243100736771,0.20618556701030927,0.29654786762000956,0,0.2927031823482265,PHY1385,SITE210,CRSsNP-001,0,Weak Match
ENT,758,46,6,12,4,31,0.17597389746440803,0.4611000457184973,3,8,1,1.0,0.76,0.708748265073392,0.1342961882902506,0.06068601583113457,0.4371559151084946,0,0.3948419472380413,PHY1386,SITE211,CRSsNP-001,0,Weak Match
ENT,552,121,4,41,5,32,0.28428486853931023,0.6925414679671908,7,8,3,1.0,0.18000000000000005,0.7600631622769395,0.16616620981613398,0.21920289855072464,0.390027650373214,0,0.30488644501633283,PHY1387,SITE212,CRSsNP-001,0,Weak Match
Allergy,486,46,7,44,6,22,0.21451194484477637,0.6201701587855266,2,14,5,0.7,0.12,0.5157827790053858,0.3002970708309163,0.09465020576131687,0.3891436877059739,0,0.3789423296324118,PHY1388,SITE213,CRSsNP-001,0,Weak Match
PrimaryCare,606,75,8,26,5,33,0.19898519249325855,0.8664247669685565,2,13,1,0.3,0.48,0.776689953107788,0.1934813553403222,0.12376237623762376,0.3199678698166916,0,0.32284200753195536,PHY1389,SITE214,CRSsNP-001,0,Weak Match
PrimaryCare,356,50,6,47,1,22,0.35809505782133266,0.5377663574950204,3,10,4,0.3,0.06000000000000005,0.45456391498146154,0.2933171766867637,0.1404494382022472,0.3043194033897684,0,0.30664838246356546,PHY1390,SITE215,CRSsNP-001,0,Weak Match
ENT,669,97,5,34,9,12,0.3603886980874178,0.7163180053970368,7,12,8,1.0,0.31999999999999995,0.3235581483553401,0.4845474779371811,0.14499252615844543,0.5078018122915136,0,0.5554478654706241,PHY1391,SITE216,CRSsNP-001,0,Weak Match
ENT,991,135,6,23,2,35,0.4298068279199717,0.5935936484850728,3,8,6,1.0,0.54,0.8050393970003348,0.1157273756454211,0.136226034308779,0.4206980440062455,0,0.4772283590573918,PHY1392,SITE217,CRSsNP-001,0,Weak Match
Allergy,626,148,5,31,9,38,0.2670834267891904,0.607545729554527,7,7,1,0.7,0.38,0.9703253836220314,0.018028686456603677,0.2364217252396166,0.3186786302390217,0,0.3134774900505596,PHY1393,SITE218,CRSsNP-001,0,Weak Match
ENT,261,49,8,20,2,11,0.1292340364104601,0.4606645887624705,9,5,1,1.0,0.6,0.1689853601651991,0.3828190173150911,0.18773946360153257,0.5866001333468814,0,0.581756891522041,PHY1394,SITE219,CRSsNP-001,0,Weak Match
PrimaryCare,262,46,1,12,9,22,0.20946655396858307,0.5729704661051999,4,14,3,0.3,0.76,0.5607017387106019,0.2517049295301903,0.17557251908396945,0.28916394180597027,0,0.3178203717845028,PHY1395,SITE220,CRSsNP-001,0,Weak Match
PrimaryCare,931,55,7,23,6,13,0.49200218527872674,0.5824709982076244,7,11,8,0.3,0.54,0.31665440817545343,0.3980289889908235,0.05907626208378088,0.3817094225015646,0,0.4030368414774633,PHY1396,SITE221,CRSsNP-001,0,Weak Match
ENT,892,205,2,4,9,13,0.3385034300930808,0.7239855130493604,9,8,8,1.0,0.92,0.34658673654168576,0.4730617367781246,0.22982062780269058,0.5394088306521291,0,0.5172809205620623,PHY1397,SITE222,CRSsNP-001,0,Weak Match
Allergy,891,206,9,23,6,12,0.38389483392040813,0.8643839995116684,8,12,3,0.7,0.54,0.2805028337092808,0.6219218382356839,0.23120089786756454,0.5831343087430998,1,0.6160850005500386,PHY1398,SITE223,CRSsNP-001,1,Strong Match
Allergy,623,128,1,48,6,39,0.10294313185016582,0.49759276648950257,8,7,7,0.7,0.040000000000000036,0.9335647727641712,0.033057688512634825,0.20545746388443017,0.22361942639721735,0,0.21630070594974327,PHY1399,SITE224,CRSsNP-001,0,Weak Match
ENT,885,45,6,48,2,22,0.30728229287300834,0.32532028114877903,9,5,3,1.0,0.040000000000000036,0.46457704288979235,0.1741839469406034,0.05084745762711865,0.3950909495059211,0,0.3888354125709097,PHY1400,SITE200,CRSsNP-001,0,Weak Match
PrimaryCare,370,22,9,1,8,9,0.11501146301272125,0.5977770753003839,5,9,4,0.3,0.98,0.20793027797344985,0.47348112186701924,0.05945945945945946,0.48176806144092377,0,0.5034487511953558,PHY1401,SITE201,CRSsNP-001,0,Weak Match
Allergy,591,56,1,25,3,18,0.3276920848365792,0.6266767992895013,5,6,9,0.7,0.5,0.3808284349137783,0.38802045461930457,0.09475465313028765,0.368209910715055,0,0.35315157972789213,PHY1402,SITE202,CRSsNP-001,0,Weak Match
PrimaryCare,307,23,4,2,7,32,0.4683083398544302,0.40106433067914915,3,7,4,0.3,0.96,0.8089261931537207,0.07663288845312002,0.0749185667752443,0.26916360006906304,0,0.2738972254435632,PHY1403,SITE203,CRSsNP-001,0,Weak Match
ENT,638,82,4,30,5,34,0.4873676522001632,0.7562787637656401,5,10,3,1.0,0.4,0.8310406206088872,0.12778039057252058,0.12852664576802508,0.3745836774956217,0,0.3894608928176992,PHY1404,SITE204,CRSsNP-001,0,Weak Match
PrimaryCare,683,160,9,3,3,8,0.31622107015556966,0.890957465064895,8,7,5,0.3,0.94,0.1272909661561842,0.7775466285327198,0.2342606149341142,0.5903453828244541,1,0.6312043107977646,PHY1405,SITE205,CRSsNP-001,1,Strong Match
ENT,159,22,5,21,1,24,0.28328192210088643,0.8674648302050767,5,7,7,1.0,0.5800000000000001,0.49748728566273104,0.4359121064184712,0.13836477987421383,0.5050248876859746,0,0.5424319166997384,PHY1406,SITE206,CRSsNP-001,0,Weak Match
ENT,529,27,5,25,8,29,0.47800683769939767,0.4182636232941913,4,10,5,1.0,0.5,0.7493342059138436,0.10484438327039146,0.05103969754253308,0.38379538044832723,0,0.3971476042867437,PHY1407,SITE207,CRSsNP-001,0,Weak Match
PrimaryCare,756,80,6,20,3,32,0.36944393279867804,0.8252179439404566,8,9,4,0.3,0.6,0.7383745874477725,0.21589798502892288,0.10582010582010581,0.3057971647160338,0,0.17535872799402433,PHY1408,SITE208,CRSsNP-001,0,Weak Match
ENT,704,41,1,49,2,16,0.1259597118153638,0.7226961818470109,7,14,8,1.0,0.020000000000000018,0.29484453597472327,0.5096131614596248,0.05823863636363636,0.4039978377853617,0,0.41616537877142185,PHY1409,SITE209,CRSsNP-001,0,Weak Match
ENT,408,23,1,22,1,6,0.286290231066999,0.5723079382841469,6,13,4,1.0,0.56,0.043507970869213555,0.5474079811770606,0.056372549019607844,0.49022393640339273,0,0.5101182328506882,PHY1410,SITE210,CRSsNP-001,0,Weak Match
PrimaryCare,619,65,9,21,4,18,0.19609800738572158,0.6243665965948375,5,5,2,0.3,0.5800000000000001,0.3826865455533114,0.38542990058508125,0.1050080775444265,0.41806934494779174,0,0.4481157873043106,PHY1411,SITE211,CRSsNP-001,0,Weak Match
PrimaryCare,690,72,3,33,8,26,0.2879217285794726,0.8097601049894749,5,7,6,0.3,0.33999999999999997,0.6544309410186101,0.27982803748188434,0.10434782608695652,0.255609469916255,0,0.20780822177965258,PHY1412,SITE212,CRSsNP-001,0,Weak Match
Allergy,126,26,4,38,3,35,0.28218622880254474,0.588080963783024,2,7,2,0.7,0.24,0.8052796017542022,0.11451135946860301,0.20634920634920634,0.317961613305602,0,0.2118578106846074,PHY1413,SITE213,CRSsNP-001,0,Weak Match
Allergy,785,192,1,15,1,27,0.33285792112589685,0.5239244214630762,4,10,3,0.7,0.7,0.5782059058208355,0.220988226769361,0.2445859872611465,0.3725235515870753,0,0.4128320521262586,PHY1414,SITE214,CRSsNP-001,0,Weak Match
ENT,661,82,9,46,4,24,0.24270819613970052,0.5959484958155915,8,12,1,1.0,0.07999999999999996,0.5388195967090674,0.27483976764085916,0.12405446293494705,0.47509960959100195,0,0.4138732799178541,PHY1415,SITE215,CRSsNP-001,0,Weak Match
ENT,298,40,8,15,9,8,0.16570817978237123,0.6474778824210294,8,7,5,1.0,0.7,0.2029530237831403,0.5160702883509769,0.1342281879194631,0.6064758022717471,1,0.6675842794876379,PHY1416,SITE216,CRSsNP-001,1,Strong Match
ENT,486,106,2,46,1,19,0.3014877738359825,0.4134465922670093,1,7,9,1.0,0.07999999999999996,0.3731354740925834,0.2591750020494958,0.21810699588477367,0.40704820197183433,0,0.37811560768139285,PHY1417,SITE217,CRSsNP-001,0,Weak Match
Allergy,448,46,8,25,2,28,0.4320811537383048,0.8405446381601944,2,10,2,0.7,0.5,0.628603379652565,0.3121754378638539,0.10267857142857142,0.43524439246465707,0,0.3838857445470619,PHY1418,SITE218,CRSsNP-001,0,Weak Match
Allergy,792,64,7,21,9,29,0.365604891227041,0.7045121692977683,5,12,7,0.7,0.5800000000000001,0.753129796333119,0.17392306272033617,0.08080808080808081,0.38267365311277546,0,0.40015475173957477,PHY1419,SITE219,CRSsNP-001,0,Weak Match
Allergy,635,140,6,24,2,5,0.23534714637008636,0.6799613504024934,9,10,5,0.7,0.52,0.028269997826001234,0.66073884450485,0.2204724409448819,0.5664388793545904,0,0.5972476836048097,PHY1420,SITE220,CRSsNP-001,0,Weak Match
Allergy,927,54,1,5,3,11,0.4742092091035429,0.35969773570838287,7,14,2,0.7,0.9,0.21895398478752898,0.28094048315598097,0.05825242718446602,0.39385580494855976,0,0.42168470605233865,PHY1421,SITE221,CRSsNP-001,0,Weak Match
ENT,477,82,7,6,7,35,0.4648830284996729,0.6625043629035552,5,7,8,1.0,0.88,0.8842942366991667,0.0766555729998881,0.1719077568134172,0.4628786301334153,0,0.4879591504302108,PHY1422,SITE222,CRSsNP-001,0,Weak Match
ENT,998,162,7,49,3,16,0.18373935975363953,0.3725763973430954,1,8,6,1.0,0.020000000000000018,0.3158202612328169,0.2549092222050172,0.1623246492985972,0.4669809806423711,0,0.4315914652797061,PHY1423,SITE223,CRSsNP-001,0,Weak Match
ENT,657,78,9,43,9,9,0.1157670340481452,0.34721860511723945,6,5,4,1.0,0.14,0.22314932117880473,0.269737009084676,0.1187214611872146,0.5103128349958584,0,0.4339673451814987,PHY1424,SITE224,CRSsNP-001,0,Weak Match
Allergy,626,70,1,48,6,16,0.39652348334030496,0.616386537385436,8,12,4,0.7,0.040000000000000036,0.3827294981081734,0.3804772272912732,0.11182108626198083,0.3247777672129325,0,0.3052945474479766,PHY1425,SITE200,CRSsNP-001,0,Weak Match
ENT,252,51,2,44,3,22,0.43104410453966135,0.541671320427897,7,8,2,1.0,0.12,0.4922137850089413,0.27505322956929074,0.20238095238095238,0.3983845055082022,0,0.34109911610742777,PHY1426,SITE201,CRSsNP-001,0,Weak Match
PrimaryCare,833,56,9,47,9,6,0.48714582638054216,0.653286162093734,2,10,3,0.3,0.06000000000000005,0.18492683640838822,0.5324760188683623,0.06722689075630252,0.4058092428219093,0,0.4274366770668811,PHY1427,SITE202,CRSsNP-001,0,Weak Match
ENT,305,29,9,23,1,14,0.4559345576353243,0.35353330083434314,5,7,7,1.0,0.54,0.26253742709101924,0.2607175776422994,0.09508196721311475,0.5386602646226366,0,0.5823726551634906,PHY1428,SITE203,CRSsNP-001,0,Weak Match
ENT,554,108,6,4,3,19,0.34021390728256595,0.5585898377083551,4,10,3,1.0,0.92,0.4073304801165735,0.33105917092637194,0.19494584837545126,0.5562152482674798,0,0.5648500807734199,PHY1429,SITE204,CRSsNP-001,0,Weak Match
ENT,372,59,6,27,1,34,0.31202093568495237,0.4048720290270948,9,13,5,1.0,0.45999999999999996,0.7527679896425503,0.10009732567386836,0.1586021505376344,0.42039320380492723,0,0.42034596308295646,PHY1430,SITE205,CRSsNP-001,0,Weak Match
Allergy,993,75,4,18,2,21,0.11113642050503453,0.8922600515544701,1,13,6,0.7,0.64,0.41953782303991016,0.5179232119398297,0.0755287009063444,0.444513035310561,0,0.4289914063849744,PHY1431,SITE206,CRSsNP-001,0,Weak Match
Allergy,335,75,4,21,8,8,0.19866257873791116,0.6366901274611046,6,14,6,0.7,0.5800000000000001,0.19113706204416217,0.514995047065666,0.22388059701492538,0.49785545246244833,0,0.5468729159393881,PHY1432,SITE207,CRSsNP-001,0,Weak Match
ENT,951,122,5,28,7,11,0.2838459006931706,0.7124621165645204,3,7,4,1.0,0.43999999999999995,0.2603075378601137,0.5270028571830049,0.12828601472134596,0.530441321330926,0,0.4389178843987093,PHY1433,SITE208,CRSsNP-001,0,Weak Match
ENT,839,180,3,35,2,35,0.35140156003342715,0.49525096840956473,9,7,6,1.0,0.30000000000000004,0.7971242456643197,0.1004744138015666,0.21454112038140644,0.36901773828923295,0,0.30871018628939173,PHY1434,SITE209,CRSsNP-001,0,Weak Match
Allergy,620,128,1,22,2,38,0.32290073332736424,0.3568433488676065,5,8,3,0.7,0.56,0.8699608713065533,0.04640359816679518,0.2064516129032258,0.2848975357285101,0,0.37623420086518944,PHY1435,SITE210,CRSsNP-001,0,Weak Match
ENT,777,135,1,40,9,10,0.3970543958726762,0.885522517670122,6,11,7,1.0,0.19999999999999996,0.276783725921079,0.6404242958423711,0.17374517374517376,0.4788427800126598,0,0.4160948114724764,PHY1436,SITE211,CRSsNP-001,0,Weak Match
PrimaryCare,930,138,7,23,6,38,0.21190677235481636,0.47175542122990993,9,7,7,0.3,0.54,0.9193269012616888,0.03805797167721411,0.14838709677419354,0.27177567840282235,0,0.29832752002632623,PHY1437,SITE212,CRSsNP-001,0,Weak Match
Allergy,825,202,1,3,5,19,0.3259810430609893,0.5542849111041446,9,14,4,0.7,0.94,0.43617918107144854,0.3125173724984781,0.24484848484848484,0.42909767760467193,0,0.46593718302051795,PHY1438,SITE213,CRSsNP-001,0,Weak Match
ENT,600,47,1,40,6,18,0.13525689735631685,0.689918353021545,8,12,2,1.0,0.19999999999999996,0.4068300611422112,0.4092388272786562,0.07833333333333334,0.3957480926748435,0,0.2994355391157603,PHY1439,SITE214,CRSsNP-001,0,Weak Match
ENT,216,42,3,10,9,10,0.2654662094332828,0.3148183786116668,9,12,7,1.0,0.8,0.2634996643041133,0.23186384153072734,0.19444444444444445,0.4936339129868452,0,0.406919019180012,PHY1440,SITE215,CRSsNP-001,0,Weak Match
PrimaryCare,485,42,4,25,7,36,0.4000643331818404,0.7861554783103721,4,10,3,0.3,0.5,0.9029886189858399,0.07626602864273677,0.0865979381443299,0.21660382836604583,0,0.27983954539589084,PHY1441,SITE216,CRSsNP-001,0,Weak Match
ENT,443,52,4,49,9,7,0.37736034137161767,0.6219469140171723,6,8,1,1.0,0.020000000000000018,0.1990817412454748,0.498128639412384,0.11738148984198646,0.47106292621842594,0,0.4224157429556889,PHY1442,SITE217,CRSsNP-001,0,Weak Match
ENT,683,76,2,8,4,7,0.4962570948688716,0.46693031224129333,5,9,2,1.0,0.84,0.13537074529622264,0.4037216078717915,0.11127379209370425,0.5090256950681621,0,0.46174411407992105,PHY1443,SITE218,CRSsNP-001,0,Weak Match
PrimaryCare,494,118,1,11,2,26,0.21115645039510242,0.33696479117548156,5,6,9,0.3,0.78,0.5558247477742788,0.14967142111155698,0.2388663967611336,0.2870684086351669,0,0.26102460121771104,PHY1444,SITE219,CRSsNP-001,0,Weak Match
PrimaryCare,163,39,3,5,8,26,0.29927571966959166,0.39749904928466484,4,10,8,0.3,0.9,0.6555771466265816,0.13690775676784533,0.2392638036809816,0.3166397876111563,0,0.26811568545219044,PHY1445,SITE220,CRSsNP-001,0,Weak Match
PrimaryCare,816,70,4,45,4,14,0.2318121655095987,0.8370203153120621,2,7,6,0.3,0.09999999999999998,0.2853401736147484,0.5981847932218468,0.0857843137254902,0.3425490197142671,0,0.3688624036481586,PHY1446,SITE221,CRSsNP-001,0,Weak Match
Allergy,820,44,3,37,9,7,0.2762412456236699,0.7116145343615347,6,10,6,0.7,0.26,0.18887358856159933,0.57720934358408,0.05365853658536585,0.4209691440069976,0,0.3618672660541556,PHY1447,SITE222,CRSsNP-001,0,Weak Match
ENT,171,33,8,45,4,16,0.44278005194775527,0.44994103298213395,9,9,1,1.0,0.09999999999999998,0.3571136471056865,0.2892609497113841,0.19298245614035087,0.5003864392667958,0,0.4020984128614222,PHY1448,SITE223,CRSsNP-001,0,Weak Match
ENT,888,118,1,38,8,33,0.3736836300753946,0.3393604589670177,1,6,2,1.0,0.24,0.8397543721974565,0.05438102979852905,0.13288288288288289,0.29912148946068084,0,0.35693931532022005,PHY1449,SITE224,CRSsNP-001,0,Weak Match
Allergy,373,25,2,29,9,21,0.4529764765390327,0.7143691874319819,7,9,4,0.7,0.42000000000000004,0.5600465538432831,0.31428918583887405,0.06702412868632708,0.3356092139550283,0,0.27896367564537977,PHY1450,SITE200,CRSsNP-001,0,Weak Match
Allergy,419,78,7,5,9,11,0.1814044433327546,0.6434446355806591,6,9,3,0.7,0.9,0.2802514243471497,0.46311835997064676,0.18615751789976134,0.5461379090343547,0,0.5085369707010081,PHY1451,SITE201,CRSsNP-001,0,Weak Match
ENT,437,69,4,9,4,17,0.4493444471365752,0.5427117146749411,3,13,1,1.0,0.8200000000000001,0.3830142794240564,0.3348453783437244,0.15789473684210525,0.5101413319368656,0,0.5516342286679883,PHY1452,SITE202,CRSsNP-001,0,Weak Match
PrimaryCare,465,114,8,48,1,6,0.12390490967135377,0.5181668695140383,1,12,8,0.3,0.040000000000000036,0.0271148836667839,0.5041168351271835,0.24516129032258063,0.44340220123940344,0,0.4469143956604841,PHY1453,SITE203,CRSsNP-001,0,Weak Match
ENT,594,56,3,2,3,8,0.455439712174861,0.430088565557465,4,11,7,1.0,0.96,0.14134533584435038,0.3692975528159302,0.09427609427609428,0.5242940005477745,0,0.5799110634782912,PHY1454,SITE204,CRSsNP-001,0,Weak Match
ENT,706,92,6,1,9,14,0.23162951178429117,0.7017667539225106,9,7,4,1.0,0.98,0.36103556921905244,0.4484039944610903,0.13031161473087818,0.5741551456530324,1,0.6164122509023691,PHY1455,SITE205,CRSsNP-001,1,Strong Match
ENT,265,42,9,40,4,28,0.2258350533656266,0.8824008166763224,2,14,9,1.0,0.19999999999999996,0.6380680026797528,0.3193690900166786,0.15849056603773584,0.49468965924479447,0,0.4720181269618716,PHY1456,SITE206,CRSsNP-001,0,Weak Match
ENT,643,133,1,30,5,21,0.3048354306794656,0.4054291475020955,3,8,4,1.0,0.4,0.484520383749305,0.2089904613712266,0.20684292379471228,0.4000567848479929,0,0.4511527789722938,PHY1457,SITE207,CRSsNP-001,0,Weak Match
ENT,110,17,1,11,7,10,0.4762760750892927,0.658269972009302,2,10,1,1.0,0.78,0.25449576150470266,0.4907430542071154,0.15454545454545454,0.5043353983273164,0,0.5127240557169692,PHY1458,SITE208,CRSsNP-001,0,Weak Match
ENT,400,69,8,28,5,23,0.11911254587256215,0.5545110334475858,2,7,1,1.0,0.43999999999999995,0.5162472178671246,0.2682462551536456,0.1725,0.5091495292440167,0,0.4792301338094994,PHY1459,SITE209,CRSsNP-001,0,Weak Match
ENT,828,78,3,44,4,9,0.24089239002829813,0.568013233046799,8,13,1,1.0,0.12,0.16006711373564333,0.47709299426934654,0.09420289855072464,0.45996261211798617,0,0.4744826932664119,PHY1460,SITE210,CRSsNP-001,0,Weak Match
Allergy,900,197,5,12,2,36,0.44262879547333434,0.4524883680766887,3,12,1,0.7,0.76,0.8315717423859069,0.0762118274258011,0.21888888888888888,0.37780741346879176,0,0.3123342874766671,PHY1461,SITE211,CRSsNP-001,0,Weak Match
Allergy,201,27,1,39,2,14,0.2584217909741867,0.7950809253968515,7,10,4,0.7,0.21999999999999997,0.25774092873506865,0.5901560292655291,0.13432835820895522,0.4028392025318378,0,0.44453158765560735,PHY1462,SITE212,CRSsNP-001,0,Weak Match
Allergy,524,40,5,26,4,13,0.1796627590388268,0.5911533624883447,8,8,1,0.7,0.48,0.2548376532769061,0.4405052268650627,0.07633587786259542,0.4447012495109708,0,0.4799071889283611,PHY1463,SITE213,CRSsNP-001,0,Weak Match
PrimaryCare,491,89,6,13,9,31,0.2699176725325647,0.6260435113189584,3,11,2,0.3,0.74,0.7939458911872198,0.12899883780285165,0.18126272912423624,0.31572086072290745,0,0.3217387827970993,PHY1464,SITE214,CRSsNP-001,0,Weak Match
ENT,878,81,8,8,8,17,0.25422100059666775,0.4828565476783955,2,7,4,1.0,0.84,0.42388728808054255,0.2781797951510672,0.09225512528473805,0.5403110115433437,0,0.44439736029814464,PHY1465,SITE215,CRSsNP-001,0,Weak Match
ENT,313,21,3,28,3,23,0.4661664805866814,0.40908507940016986,8,14,7,1.0,0.43999999999999995,0.5209973963214112,0.1959528181587436,0.0670926517571885,0.39286398693890473,0,0.4505842262948272,PHY1466,SITE216,CRSsNP-001,0,Weak Match
PrimaryCare,790,175,3,30,9,25,0.40477375029723883,0.3515462329216923,3,12,2,0.3,0.4,0.6561321826036391,0.12088543582869503,0.22151898734177214,0.25894361574081814,0,0.28079824995369107,PHY1467,SITE217,CRSsNP-001,0,Weak Match
ENT,187,26,9,9,5,28,0.3020462222976026,0.7284714845549496,7,5,8,1.0,0.8200000000000001,0.660904422785917,0.24702145853916058,0.13903743315508021,0.5350732077180105,0,0.5339252903741163,PHY1468,SITE218,CRSsNP-001,0,Weak Match
PrimaryCare,652,130,4,39,3,8,0.49534822668862843,0.4177405690127134,1,7,7,0.3,0.21999999999999997,0.14537417141225023,0.35701187992720823,0.19938650306748465,0.34871158461108775,0,0.33967826065213574,PHY1469,SITE219,CRSsNP-001,0,Weak Match
ENT,500,54,4,31,5,28,0.2861110125103693,0.7140452125132787,6,9,9,1.0,0.38,0.659295734996984,0.24327824930825898,0.108,0.4077260763619535,0,0.38089011499667336,PHY1470,SITE220,CRSsNP-001,0,Weak Match
PrimaryCare,687,142,7,21,4,39,0.1232951323281101,0.5342258676281724,9,9,6,0.3,0.5800000000000001,0.9053338095049943,0.05057312775224826,0.2066957787481805,0.29425518928699534,0,0.27703165116098927,PHY1471,SITE221,CRSsNP-001,0,Weak Match
ENT,988,71,2,47,8,7,0.20490972872599397,0.549464880593791,3,14,4,1.0,0.06000000000000005,0.16652977801292662,0.4579626160026077,0.07186234817813765,0.42890513244376327,0,0.46736596708852024,PHY1472,SITE222,CRSsNP-001,0,Weak Match
PrimaryCare,145,17,8,34,5,8,0.27442819208772506,0.581506497655663,7,6,6,0.3,0.31999999999999995,0.15335743466295973,0.4923281529353481,0.11724137931034483,0.42444023194835984,0,0.3986039298039088,PHY1473,SITE223,CRSsNP-001,0,Weak Match
Allergy,771,189,6,31,8,39,0.16276104965844806,0.5206251048765259,6,14,4,0.7,0.38,0.9698890319578719,0.01567652589486666,0.245136186770428,0.33543044867579314,0,0.32171534153597253,PHY1474,SITE224,CRSsNP-001,0,Weak Match
PrimaryCare,562,117,3,25,9,35,0.4790260505296172,0.36037198633355405,8,12,7,0.3,0.5,0.916007533873512,0.030268531855056246,0.20818505338078291,0.22149921632885577,0,0.2151195525135139,PHY1475,SITE200,CRSsNP-001,0,Weak Match
ENT,691,103,9,12,4,29,0.40673955912710924,0.4857790860017075,3,9,9,1.0,0.76,0.6815685794446751,0.15468732443159108,0.14905933429811866,0.5110454405163803,0,0.5060355774553773,PHY1476,SITE201,CRSsNP-001,0,Weak Match
Allergy,409,48,5,1,7,17,0.20731488017110908,0.698240616416363,3,11,3,0.7,0.98,0.40400926477716975,0.41614493834043037,0.11735941320293398,0.4851679144911025,0,0.45427731867978477,PHY1477,SITE202,CRSsNP-001,0,Weak Match
PrimaryCare,185,41,8,22,2,8,0.3363218134071664,0.6994706408813226,4,11,3,0.3,0.56,0.11417740499741996,0.6196068982336109,0.22162162162162163,0.5039090445523855,0,0.49539907235846564,PHY1478,SITE203,CRSsNP-001,0,Weak Match
Allergy,191,30,7,40,6,18,0.38857966284382883,0.4717345843439966,3,9,2,0.7,0.19999999999999996,0.43240344517289847,0.26775492486644725,0.15706806282722513,0.4145776561628059,0,0.43174335345786363,PHY1479,SITE204,CRSsNP-001,0,Weak Match
Allergy,759,153,8,37,8,17,0.47651157156271917,0.5760615759346128,9,12,1,0.7,0.26,0.44632791684430767,0.3189492127736681,0.2015810276679842,0.45555230778729894,0,0.4103120777972391,PHY1480,SITE205,CRSsNP-001,0,Weak Match
Allergy,772,155,7,47,7,31,0.4526541396701643,0.4160683368071625,4,13,1,0.7,0.06000000000000005,0.7821079288433536,0.09065799164961379,0.20077720207253885,0.3411151059637221,0,0.332836575099624,PHY1481,SITE206,CRSsNP-001,0,Weak Match
ENT,813,43,3,1,7,10,0.3060768904552855,0.4262232489179015,6,8,3,1.0,0.98,0.23731385090152834,0.3250745683734336,0.05289052890528905,0.4975061608108561,0,0.5940553711669111,PHY1482,SITE207,CRSsNP-001,0,Weak Match
Allergy,341,25,2,1,8,21,0.409861047917207,0.31382825304396444,8,8,7,0.7,0.98,0.5405512076240339,0.14418801187450858,0.07331378299120235,0.36111092736029893,0,0.3579537103500618,PHY1483,SITE208,CRSsNP-001,0,Weak Match
Allergy,964,175,7,42,7,39,0.324857901531034,0.8380479299446468,8,12,9,0.7,0.16000000000000003,0.9711102306839504,0.02421101137189373,0.18153526970954356,0.3141149966333696,0,0.2675938443902707,PHY1484,SITE209,CRSsNP-001,0,Weak Match
PrimaryCare,101,8,3,42,5,21,0.3210815560182161,0.42642399904494377,5,5,2,0.3,0.16000000000000003,0.48616045901651983,0.21911351193359388,0.07920792079207921,0.23600863668308664,0,0.1836380458184442,PHY1485,SITE210,CRSsNP-001,0,Weak Match
ENT,324,32,3,21,7,6,0.14589678333527678,0.43652032616187797,5,8,7,1.0,0.5800000000000001,0.12019160424104586,0.3840542478766573,0.09876543209876543,0.49248304717591823,0,0.4292232935742836,PHY1486,SITE211,CRSsNP-001,0,Weak Match
ENT,900,215,2,15,3,17,0.15045506320646085,0.46776085958707914,6,10,1,1.0,0.7,0.33769809719917326,0.3097989073602729,0.2388888888888889,0.48791219397435953,0,0.5692680220579723,PHY1487,SITE212,CRSsNP-001,0,Weak Match
PrimaryCare,844,136,4,17,5,6,0.311813446008983,0.3764448430172574,7,8,2,0.3,0.6599999999999999,0.10665565270126791,0.33629487257922547,0.16113744075829384,0.3828777694352918,0,0.43327888892110905,PHY1488,SITE213,CRSsNP-001,0,Weak Match
PrimaryCare,688,137,8,22,7,32,0.20754461799160265,0.6835577299088178,7,10,6,0.3,0.56,0.7826016313337998,0.1486043353713481,0.19912790697674418,0.3372426806850757,0,0.272761427313865,PHY1489,SITE214,CRSsNP-001,0,Weak Match
ENT,215,34,1,38,9,30,0.10841476098418745,0.34508577190655193,4,9,5,1.0,0.24,0.7524039398883684,0.08544187752464343,0.15813953488372093,0.32038286523702214,0,0.3310681799539341,PHY1490,SITE215,CRSsNP-001,0,Weak Match
Allergy,765,122,1,35,2,26,0.38913568156008493,0.38052145579581015,6,13,8,0.7,0.30000000000000004,0.5737920679214014,0.16218126278627013,0.15947712418300652,0.29992632681086556,0,0.361168129746011,PHY1491,SITE216,CRSsNP-001,0,Weak Match
ENT,202,13,5,45,4,7,0.11299463867606599,0.6868540359540558,7,14,2,1.0,0.09999999999999998,0.09667971822686013,0.620449181295036,0.06435643564356436,0.5155109733472123,0,0.5134875677768388,PHY1492,SITE217,CRSsNP-001,0,Weak Match
ENT,293,34,5,16,7,39,0.3381107364416218,0.5037963722888656,5,13,1,1.0,0.6799999999999999,0.9724481279550917,0.0138805331859918,0.11604095563139932,0.377541532749539,0,0.35296083261314226,PHY1493,SITE218,CRSsNP-001,0,Weak Match
ENT,265,28,1,8,1,16,0.3156775176509258,0.7247686960207135,5,8,7,1.0,0.84,0.29885411916214183,0.508168585775149,0.10566037735849057,0.49716339957843836,1,0.6092083820023559,PHY1494,SITE219,CRSsNP-001,0,Weak Match
ENT,970,124,6,47,2,28,0.48752587623112176,0.6344548468020852,2,8,6,1.0,0.06000000000000005,0.6342006230667326,0.23208318765249436,0.12783505154639174,0.41095533811042356,0,0.3156880969274809,PHY1495,SITE220,CRSsNP-001,0,Weak Match
Allergy,189,39,1,17,9,9,0.2936852557390567,0.4536127038369079,7,12,8,0.7,0.6599999999999999,0.24111048231093737,0.34424192603242265,0.20634920634920634,0.4173246385626924,0,0.5489536772292001,PHY1496,SITE221,CRSsNP-001,0,Weak Match
ENT,785,97,5,17,7,24,0.12544057455111896,0.6904967702935969,6,14,8,1.0,0.6599999999999999,0.5724095224947886,0.2952498437256454,0.12356687898089172,0.47370073624087317,0,0.47670069668369847,PHY1497,SITE222,CRSsNP-001,0,Weak Match
PrimaryCare,221,31,9,26,7,17,0.3206751871225847,0.3697642081757284,1,8,2,0.3,0.48,0.41545318951850774,0.21614448851933657,0.14027149321266968,0.37975145205518396,0,0.44427295856990984,PHY1498,SITE223,CRSsNP-001,0,Weak Match
PrimaryCare,242,31,5,13,6,16,0.4364384682464406,0.6218462298480183,4,6,8,0.3,0.74,0.3867589868736986,0.38134161200076966,0.128099173553719,0.3786172171012138,0,0.3185865581370975,PHY1499,SITE224,CRSsNP-001,0,Weak Match
Allergy,205,14,6,17,3,17,0.49873971371257597,0.5622888630270209,3,6,6,0.7,0.6599999999999999,0.37285805253222715,0.35263493259820566,0.06829268292682927,0.44631435199812575,0,0.4100351370956602,PHY1500,SITE200,CRSsNP-001,0,Weak Match
Allergy,986,136,8,38,3,14,0.272137269475629,0.4607241496904645,3,5,9,0.7,0.24,0.27426829766469424,0.3343621214618471,0.13793103448275862,0.45792835314658964,0,0.4039305160105996,PHY1501,SITE201,CRSsNP-001,0,Weak Match
ENT,527,46,1,17,2,37,0.22811949699869702,0.6624029986437001,7,9,7,1.0,0.6599999999999999,0.8351545918699631,0.10919409265798102,0.0872865275142315,0.3411449912231578,0,0.33609343227270155,PHY1502,SITE202,CRSsNP-001,0,Weak Match
PrimaryCare,404,35,2,48,6,20,0.46266131878079964,0.8228001554041695,4,10,2,0.3,0.040000000000000036,0.4903580100695651,0.4193335085152521,0.08663366336633663,0.2504893165376781,0,0.2658756235431161,PHY1503,SITE203,CRSsNP-001,0,Weak Match
Allergy,971,66,9,14,4,39,0.17649685163044856,0.8993428198578461,8,13,8,0.7,0.72,0.9107046177550668,0.08030716086844245,0.06797116374871266,0.38898376133536,0,0.4423238611654911,PHY1504,SITE204,CRSsNP-001,0,Weak Match
ENT,416,50,3,45,5,7,0.3461715660131707,0.6646576612460547,9,9,9,1.0,0.09999999999999998,0.13536211100601844,0.5746881971234656,0.1201923076923077,0.48644950524716823,0,0.40087672532872975,PHY1505,SITE205,CRSsNP-001,0,Weak Match
PrimaryCare,734,147,6,6,3,9,0.2622857696723791,0.5428235245975022,3,10,7,0.3,0.88,0.14708404652128804,0.46298284405275364,0.20027247956403268,0.4659562840494301,0,0.4738004809365346,PHY1506,SITE206,CRSsNP-001,0,Weak Match
PrimaryCare,108,11,5,35,6,30,0.11643294598222212,0.43512426012972094,5,10,4,0.3,0.30000000000000004,0.707785089040624,0.12714979693007078,0.10185185185185185,0.24511441344491475,0,0.2898598568423802,PHY1507,SITE207,CRSsNP-001,0,Weak Match
PrimaryCare,873,98,2,46,3,15,0.2389153897222791,0.45425765363706705,4,7,9,0.3,0.07999999999999996,0.2961524347174747,0.31972814352340234,0.11225658648339061,0.26039453185378064,0,0.31450383041199714,PHY1508,SITE208,CRSsNP-001,0,Weak Match
Allergy,172,30,7,14,8,11,0.20609140900106984,0.5876729868898594,6,8,4,0.7,0.72,0.26760085050374666,0.4304111957800559,0.1744186046511628,0.5199268052684272,0,0.49790084118725575,PHY1509,SITE209,CRSsNP-001,0,Weak Match
Allergy,458,40,4,47,9,14,0.37443646157739474,0.5203666207684255,4,5,4,0.7,0.06000000000000005,0.3754521849633257,0.3249938360189379,0.08733624454148471,0.3552876098428262,0,0.3338837999746705,PHY1510,SITE210,CRSsNP-001,0,Weak Match
ENT,322,73,1,8,4,38,0.47951619907676724,0.8482887135749666,8,8,9,1.0,0.84,0.9160570152416955,0.07120788655426517,0.2267080745341615,0.37831289442022387,0,0.3737116674284665,PHY1511,SITE211,CRSsNP-001,0,Weak Match
PrimaryCare,515,79,4,15,9,7,0.2072188749514551,0.5209772805934257,3,5,8,0.3,0.7,0.1819056573987129,0.4262085658772849,0.1533980582524272,0.3954006619986925,0,0.40470329721920534,PHY1512,SITE212,CRSsNP-001,0,Weak Match
PrimaryCare,652,90,6,27,7,12,0.4245863756606727,0.5240667546872613,5,9,4,0.3,0.45999999999999996,0.29975348423389003,0.3669759189986074,0.13803680981595093,0.37392903783032017,0,0.4390589284115658,PHY1513,SITE213,CRSsNP-001,0,Weak Match
ENT,469,75,7,13,3,35,0.12214392677536381,0.5301207074603862,1,12,8,1.0,0.74,0.7891230465270405,0.11179023976217625,0.15991471215351813,0.46242442133811074,0,0.40191963996526003,PHY1514,SITE214,CRSsNP-001,0,Weak Match
ENT,815,67,7,49,7,15,0.31524840401592524,0.801972126220595,6,12,8,1.0,0.020000000000000018,0.36442945622352796,0.5097098603555971,0.08220858895705521,0.4930511736880304,0,0.45373848750770296,PHY1515,SITE215,CRSsNP-001,0,Weak Match
ENT,363,62,7,31,1,11,0.12822002548395783,0.6904729925081412,5,9,7,1.0,0.38,0.15374022699287773,0.584319517907488,0.17079889807162535,0.5871896054001161,0,0.5206190398678445,PHY1516,SITE216,CRSsNP-001,0,Weak Match
PrimaryCare,939,115,3,35,3,6,0.47361319645225575,0.6685013101913356,8,14,6,0.3,0.30000000000000004,0.09270409154469575,0.606528503533609,0.12247071352502663,0.37765296993350894,0,0.39904067418542616,PHY1517,SITE217,CRSsNP-001,0,Weak Match
PrimaryCare,789,181,6,6,6,10,0.40654051222295606,0.5004858134303173,9,6,8,0.3,0.88,0.232313065355915,0.3842164199451717,0.229404309252218,0.4489630547664974,0,0.5040314643795665,PHY1518,SITE218,CRSsNP-001,0,Weak Match
ENT,959,80,8,5,4,36,0.363179964481837,0.7907425060994637,8,10,7,1.0,0.9,0.8538367754263325,0.11557747449896055,0.08342022940563086,0.46858687470856664,0,0.39753853699005265,PHY1519,SITE219,CRSsNP-001,0,Weak Match
Allergy,417,63,4,22,7,24,0.42955855264986575,0.3230183168134207,8,5,5,0.7,0.56,0.6031107736420678,0.12820248985951999,0.1510791366906475,0.35909920478035906,0,0.36353437012516926,PHY1520,SITE220,CRSsNP-001,0,Weak Match
ENT,183,31,8,49,3,38,0.3590079182280653,0.822478303402868,3,11,4,1.0,0.020000000000000018,0.8887487228491355,0.09150176168244527,0.16939890710382513,0.3937752068275318,0,0.4452253688264399,PHY1521,SITE221,CRSsNP-001,0,Weak Match
PrimaryCare,417,23,2,23,1,20,0.48757775886971644,0.6076499398763577,4,8,2,0.3,0.54,0.4171595342189684,0.35416297398935215,0.05515587529976019,0.28690561020091365,0,0.32613295034856526,PHY1522,SITE222,CRSsNP-001,0,Weak Match
PrimaryCare,210,25,9,25,9,29,0.38558317914590867,0.5389501409180477,4,9,8,0.3,0.5,0.7551466400551651,0.13196375284652626,0.11904761904761904,0.3256399913256935,0,0.36427768421895135,PHY1523,SITE223,CRSsNP-001,0,Weak Match
PrimaryCare,350,68,9,34,6,16,0.4698634438328987,0.5983003684306114,5,10,9,0.3,0.31999999999999995,0.39013329764771776,0.36488347271093247,0.19428571428571428,0.4095347933488433,0,0.3500410222041809,PHY1524,SITE224,CRSsNP-001,0,Weak Match
ENT,482,103,8,26,8,11,0.3068527568042552,0.7004493183202987,9,5,4,1.0,0.48,0.27777288789589144,0.5058834883457608,0.21369294605809128,0.5948226453940859,1,0.6332943659399927,PHY1525,SITE200,CRSsNP-001,1,Strong Match
ENT,106,11,1,47,3,21,0.14682576519274507,0.3076592559107384,9,13,4,1.0,0.06000000000000005,0.43828349286933416,0.17281728261659962,0.10377358490566038,0.3376785034628016,0,0.328382227578551,PHY1526,SITE201,CRSsNP-001,0,Weak Match
ENT,558,117,2,5,8,15,0.3112710885692068,0.8229311138749487,1,14,5,1.0,0.9,0.3791707061150901,0.5108997423429068,0.20967741935483872,0.5366822326957821,0,0.5901903234234961,PHY1527,SITE202,CRSsNP-001,0,Weak Match
ENT,183,44,6,26,2,10,0.15074913122523734,0.5680437151868357,8,8,2,1.0,0.48,0.14591940233755596,0.4851551157651678,0.24043715846994534,0.5805483725367643,1,0.6030067002985009,PHY1528,SITE203,CRSsNP-001,0,Weak Match
PrimaryCare,307,67,5,20,4,27,0.33699739167056203,0.5057799118200469,1,12,7,0.3,0.6,0.6240520936333723,0.1901468989310442,0.2182410423452769,0.3251844310091908,0,0.28440939284370675,PHY1529,SITE204,CRSsNP-001,0,Weak Match
PrimaryCare,999,73,9,6,3,31,0.2929972242110652,0.38294733938043424,2,9,5,0.3,0.88,0.7054192112177731,0.11280892929674347,0.07307307307307308,0.3532881330058397,0,0.367228730783565,PHY1530,SITE205,CRSsNP-001,0,Weak Match
PrimaryCare,489,96,5,6,1,10,0.3490301591331127,0.5636792246150653,7,12,6,0.3,0.88,0.15079345803368843,0.4786800851136113,0.19631901840490798,0.45273642582058043,0,0.49366222884320105,PHY1531,SITE206,CRSsNP-001,0,Weak Match
PrimaryCare,413,47,2,18,7,6,0.10401879242193264,0.5977936627706273,8,5,4,0.3,0.64,0.11596394652540568,0.5284711504278679,0.11380145278450363,0.37654819862915895,0,0.35122999517525055,PHY1532,SITE207,CRSsNP-001,0,Weak Match
Allergy,121,29,4,4,2,26,0.17793619666214566,0.5421880166960866,1,12,8,0.7,0.92,0.5524711040357273,0.2426448045170583,0.2396694214876033,0.4451992058717398,0,0.4516393054777871,PHY1533,SITE208,CRSsNP-001,0,Weak Match
Allergy,509,74,9,17,4,24,0.29653217276485233,0.7071960562961384,3,8,8,0.7,0.6599999999999999,0.5442532229433492,0.32230232340413884,0.14538310412573674,0.4873809184179271,0,0.420550439570478,PHY1534,SITE209,CRSsNP-001,0,Weak Match
PrimaryCare,994,74,1,14,9,29,0.48020142463565396,0.5525379172555356,7,6,5,0.3,0.72,0.7646985203354961,0.13001298950097073,0.0744466800804829,0.21514441588676525,0,0.24259601261829922,PHY1535,SITE210,CRSsNP-001,0,Weak Match
PrimaryCare,614,119,1,14,6,19,0.25344361614206334,0.8768505467079442,9,10,6,0.3,0.72,0.44399916568907727,0.4875296355356057,0.19381107491856678,0.3485587792678551,0,0.34574559358655266,PHY1536,SITE211,CRSsNP-001,0,Weak Match
ENT,226,25,7,13,8,33,0.2697488104214539,0.6595665106941552,8,6,3,1.0,0.74,0.8292619671739472,0.11261308855386379,0.11061946902654868,0.4462512882500152,0,0.4919556078814916,PHY1537,SITE212,CRSsNP-001,0,Weak Match
ENT,908,226,3,7,2,12,0.3858784356026489,0.7844867613911455,8,9,1,1.0,0.86,0.22013201397108226,0.6117961106724608,0.2488986784140969,0.5935706903409081,1,0.6196140306347772,PHY1538,SITE213,CRSsNP-001,1,Strong Match
ENT,799,196,2,44,7,37,0.34151710291444726,0.3656135418656873,9,6,9,1.0,0.12,0.9223161168310823,0.02840227967126826,0.2453066332916145,0.316775502574049,0,0.2964168428771382,PHY1539,SITE214,CRSsNP-001,0,Weak Match
PrimaryCare,973,176,9,15,6,26,0.2195704600393333,0.5383747757675434,3,7,9,0.3,0.7,0.6172452248811784,0.2060655162285521,0.18088386433710174,0.38970954684186804,0,0.34739110242434107,PHY1540,SITE215,CRSsNP-001,0,Weak Match
Allergy,113,8,3,19,9,9,0.26432655822697115,0.5021086208682917,8,10,3,0.7,0.62,0.2381466695455412,0.3825331250584032,0.07079646017699115,0.4173910731013743,0,0.3635710647350901,PHY1541,SITE216,CRSsNP-001,0,Weak Match
ENT,111,20,2,43,7,22,0.187079919542893,0.6416894328819551,1,5,4,1.0,0.14,0.5281562341932221,0.30277715848943737,0.18018018018018017,0.3967848533236103,0,0.3714137533511725,PHY1542,SITE217,CRSsNP-001,0,Weak Match
Allergy,186,12,8,47,1,34,0.4864085836520834,0.8166681120368555,8,10,7,0.7,0.06000000000000005,0.7703727330736796,0.18752926655290117,0.06451612903225806,0.3425976122612768,0,0.38695244740056467,PHY1543,SITE218,CRSsNP-001,0,Weak Match
Allergy,623,34,6,44,8,35,0.1522537526229439,0.347002930657204,7,7,2,0.7,0.12,0.8678765218576902,0.04584723412400455,0.05457463884430177,0.27802545435010734,0,0.19021208666490835,PHY1544,SITE219,CRSsNP-001,0,Weak Match
ENT,636,136,6,35,3,14,0.24873471382656778,0.3435448788268265,8,11,3,1.0,0.30000000000000004,0.27190576802089683,0.2501330446997723,0.2138364779874214,0.4962951516347202,0,0.44450891275277365,PHY1545,SITE220,CRSsNP-001,0,Weak Match
ENT,400,36,7,17,2,19,0.11033558888800449,0.8101906248945594,1,6,6,1.0,0.6599999999999999,0.3689810877809101,0.5112456068110696,0.09,0.558851012584123,1,0.601800983916975,PHY1546,SITE221,CRSsNP-001,1,Strong Match
Allergy,342,43,7,35,3,22,0.18871179677341857,0.42771005162301445,6,10,8,0.7,0.30000000000000004,0.4677499072456364,0.2276487146483231,0.12573099415204678,0.4051875007431127,0,0.4716351142306835,PHY1547,SITE222,CRSsNP-001,0,Weak Match
Allergy,221,54,6,19,6,27,0.41218845535206194,0.7012519526698883,7,12,1,0.7,0.62,0.6619282992635453,0.23707344028386892,0.24434389140271492,0.434307830981098,0,0.3851498968199118,PHY1548,SITE223,CRSsNP-001,0,Weak Match
Allergy,246,28,4,20,3,37,0.1804700929155518,0.6257268794164832,5,5,4,0.7,0.6,0.8454870666876693,0.09668289559101188,0.11382113821138211,0.32324315700228096,0,0.2709027033632026,PHY1549,SITE224,CRSsNP-001,0,Weak Match
Allergy,666,72,9,36,5,20,0.13202536101158624,0.7997361569323378,5,13,1,0.7,0.28,0.44183695471421747,0.44638316877850215,0.10810810810810811,0.47511996531130574,0,0.545477977289901,PHY1550,SITE200,CRSsNP-001,0,Weak Match
PrimaryCare,849,198,6,35,6,39,0.28978127193780934,0.37505334590184214,7,9,2,0.3,0.30000000000000004,0.9524264155338029,0.017842632030591117,0.2332155477031802,0.24662977177853296,0,0.24045005080016388,PHY1551,SITE201,CRSsNP-001,0,Weak Match
Allergy,455,32,4,32,8,38,0.10398769389380741,0.37786977943356675,3,9,8,0.7,0.36,0.9387178121497476,0.023156686806181284,0.07032967032967033,0.264341973728679,0,0.21961485477232126,PHY1552,SITE202,CRSsNP-001,0,Weak Match
Allergy,784,158,3,48,7,32,0.13390646177053328,0.6340910161669846,6,9,6,0.7,0.040000000000000036,0.7751677284047477,0.14256412356296502,0.20153061224489796,0.2903787049333427,0,0.3426095994027737,PHY1553,SITE203,CRSsNP-001,0,Weak Match
PrimaryCare,832,206,4,44,8,6,0.42305034782519,0.8678271920150227,7,10,9,0.3,0.12,0.1633135168088132,0.7260992813047321,0.24759615384615385,0.4227875430416036,0,0.44796158287180354,PHY1554,SITE204,CRSsNP-001,0,Weak Match
ENT,730,168,3,40,3,34,0.40858933794384256,0.5489986550224526,1,6,2,1.0,0.19999999999999996,0.792802275648727,0.11375127199256177,0.23013698630136986,0.3660042734089821,0,0.4028369747407473,PHY1555,SITE205,CRSsNP-001,0,Weak Match
ENT,408,73,2,24,4,17,0.4660555281619584,0.496165260152817,2,10,3,1.0,0.52,0.3847012927953483,0.30528984313188795,0.17892156862745098,0.44931823150370553,0,0.4071962524157215,PHY1556,SITE206,CRSsNP-001,0,Weak Match
ENT,794,89,5,17,6,20,0.4418061743642998,0.6640135939187315,4,8,9,1.0,0.6599999999999999,0.4882526461234854,0.33980719962594536,0.11209068010075567,0.48815884533802945,0,0.5069001123919947,PHY1557,SITE207,CRSsNP-001,0,Weak Match
Allergy,387,39,2,7,7,9,0.37327022529592724,0.8582691603270187,8,12,9,0.7,0.86,0.21885919270098067,0.6704290647776989,0.10077519379844961,0.49339369213505413,0,0.5557080001812121,PHY1558,SITE208,CRSsNP-001,0,Weak Match
Allergy,406,86,6,43,9,32,0.12093314292026514,0.8021566997067742,6,13,6,0.7,0.14,0.8041435827065497,0.15710753731250685,0.21182266009852216,0.34796281421647696,0,0.3800025322488879,PHY1559,SITE209,CRSsNP-001,0,Weak Match
Allergy,911,205,3,1,1,24,0.413139447194663,0.897290166439932,1,13,3,0.7,0.98,0.5105966339366881,0.4391368277912121,0.22502744237102085,0.4760245627573288,0,0.5220180586749833,PHY1560,SITE210,CRSsNP-001,0,Weak Match
ENT,693,107,6,35,8,28,0.43820432433622425,0.31354114992142623,5,12,5,1.0,0.30000000000000004,0.7200781264097684,0.08776702613364132,0.1544011544011544,0.40414588118604006,0,0.4743030086841852,PHY1561,SITE211,CRSsNP-001,0,Weak Match
ENT,822,81,9,32,8,31,0.41963285830878183,0.36771488682765735,7,7,2,1.0,0.36,0.7939171386844269,0.07577973602577576,0.09854014598540146,0.43139926983306287,0,0.4527827558208306,PHY1562,SITE212,CRSsNP-001,0,Weak Match
ENT,761,55,1,36,6,34,0.3033916141232105,0.6656806580199732,6,14,7,1.0,0.28,0.8276106790956914,0.11475623657519647,0.07227332457293036,0.3012585105487028,0,0.27300246417957785,PHY1563,SITE213,CRSsNP-001,0,Weak Match
ENT,648,43,6,13,4,31,0.19316073545979268,0.7923458636003099,9,8,8,1.0,0.74,0.7104833069575406,0.22939735417543333,0.06635802469135803,0.45542064631217216,0,0.4992762039887698,PHY1564,SITE214,CRSsNP-001,0,Weak Match
Allergy,451,87,9,6,3,30,0.43813199027549066,0.47114660538405995,8,5,6,0.7,0.88,0.6948328792166151,0.14377845303191922,0.19290465631929046,0.470498566764545,0,0.4152132992195138,PHY1565,SITE215,CRSsNP-001,0,Weak Match
ENT,411,55,4,14,3,11,0.39086512389605543,0.4435266528205313,4,13,8,1.0,0.72,0.2105402510530357,0.350146439986984,0.13381995133819952,0.5144302507266432,0,0.5033142760327577,PHY1566,SITE216,CRSsNP-001,0,Weak Match
ENT,972,224,2,37,6,9,0.49230446975554065,0.7721854796287206,5,9,2,1.0,0.26,0.21573314456744355,0.6055994779190972,0.23045267489711935,0.5131597498513549,0,0.5425637113078129,PHY1567,SITE217,CRSsNP-001,0,Weak Match
PrimaryCare,158,31,4,48,8,27,0.16227703910237318,0.33382911231193896,7,10,3,0.3,0.040000000000000036,0.6669848309389943,0.1111701582740458,0.1962025316455696,0.22858618147230214,0,0.06771723700782123,PHY1568,SITE218,CRSsNP-001,0,Weak Match
ENT,742,65,1,15,7,32,0.19026583322082202,0.5216295885495511,8,7,7,1.0,0.7,0.7808573072590314,0.11431131264811217,0.0876010781671159,0.3516768013454983,0,0.36429996961282163,PHY1569,SITE219,CRSsNP-001,0,Weak Match
Allergy,813,140,3,47,1,38,0.18471925995260108,0.6034855335553979,5,14,1,0.7,0.06000000000000005,0.8408684386743767,0.09603359519209732,0.17220172201722017,0.2691703056752868,0,0.2841516092716773,PHY1570,SITE220,CRSsNP-001,0,Weak Match
Allergy,854,117,9,4,6,19,0.41701590704853475,0.6362092046101941,9,12,7,0.7,0.92,0.46051207957615037,0.3432271807496651,0.13700234192037472,0.5238448136724116,0,0.4670480675942978,PHY1571,SITE221,CRSsNP-001,0,Weak Match
ENT,134,22,5,40,7,36,0.17476291858004728,0.7371690940756661,4,11,6,1.0,0.19999999999999996,0.8802440401984557,0.0882803923970663,0.16417910447761194,0.3656764505789707,0,0.3819694801664364,PHY1572,SITE222,CRSsNP-001,0,Weak Match
Allergy,544,107,6,16,7,30,0.12666393192932246,0.512907434058395,4,5,8,0.7,0.6799999999999999,0.7239606922453145,0.14158261303971137,0.19669117647058823,0.4030932475010579,0,0.4125906725638608,PHY1573,SITE223,CRSsNP-001,0,Weak Match
PrimaryCare,192,40,3,28,9,35,0.4994243226342515,0.6676106068047644,8,14,7,0.3,0.43999999999999995,0.9180667757465839,0.05469948956129395,0.20833333333333334,0.22021655367093373,0,0.22191514269011578,PHY1574,SITE224,CRSsNP-001,0,Weak Match
PrimaryCare,306,66,5,16,5,23,0.10992688457805966,0.6512252536745738,1,9,4,0.3,0.6799999999999999,0.5153199090111358,0.31563591520523865,0.21568627450980393,0.36851676076738515,0,0.42798845095547733,PHY1575,SITE200,CRSsNP-001,0,Weak Match
ENT,452,45,8,4,1,13,0.43409762406354624,0.6285696603922484,8,14,3,1.0,0.92,0.2350950048413765,0.48079607303919036,0.09955752212389381,0.6095390946546739,1,0.653484562480534,PHY1576,SITE201,CRSsNP-001,1,Strong Match
PrimaryCare,431,24,6,45,2,33,0.24614673662026113,0.6842899758853274,5,13,3,0.3,0.09999999999999998,0.7360226940300519,0.18063702433644943,0.05568445475638051,0.2364462491533798,0,0.26844539168904685,PHY1577,SITE202,CRSsNP-001,0,Weak Match
ENT,916,181,4,26,4,8,0.43664618390312615,0.4556695026408458,1,10,4,1.0,0.48,0.1545908626818657,0.3852271611297808,0.19759825327510916,0.5189859092765469,0,0.4677748328144037,PHY1578,SITE203,CRSsNP-001,0,Weak Match
ENT,961,68,2,28,5,7,0.321848196484458,0.3507892521507774,4,12,9,1.0,0.43999999999999995,0.13290662356223895,0.3041670370654947,0.07075962539021852,0.4392326514044297,0,0.4383655846452439,PHY1579,SITE204,CRSsNP-001,0,Weak Match
ENT,824,93,9,32,9,33,0.46065249179454404,0.37156300322384606,2,14,9,1.0,0.36,0.8636768005366395,0.050652657401689616,0.11286407766990292,0.4229788708441497,0,0.48220060782944474,PHY1580,SITE205,CRSsNP-001,0,Weak Match
PrimaryCare,258,13,1,45,1,15,0.4704771945658507,0.43474942959234064,4,5,2,0.3,0.09999999999999998,0.28924347711260145,0.3090009929043319,0.050387596899224806,0.23047275009441243,0,0.21973965901034778,PHY1581,SITE206,CRSsNP-001,0,Weak Match
ENT,123,22,1,2,3,37,0.1036392725123104,0.6001187613136711,8,14,5,1.0,0.96,0.8377308586272384,0.09738075612005469,0.17886178861788618,0.39141851251575865,0,0.46913161348643717,PHY1582,SITE207,CRSsNP-001,0,Weak Match
ENT,503,41,4,31,5,15,0.13016487039711533,0.8042656503276122,5,11,1,1.0,0.38,0.3154594101705285,0.5505524826548471,0.08151093439363817,0.49694228911232613,0,0.5304019594324012,PHY1583,SITE208,CRSsNP-001,0,Weak Match
Allergy,904,163,7,3,3,31,0.2001434918283422,0.7207760052530305,1,7,4,0.7,0.94,0.6960454616760127,0.21908313791169276,0.18030973451327434,0.4582895150430558,0,0.5437675431876681,PHY1584,SITE209,CRSsNP-001,0,Weak Match
ENT,615,152,1,8,4,37,0.3677261665454007,0.7734243625212283,7,13,2,1.0,0.84,0.8795336675568006,0.09317159637515184,0.24715447154471545,0.39146957040552915,0,0.33810295925628964,PHY1585,SITE210,CRSsNP-001,0,Weak Match
ENT,831,53,9,24,3,25,0.45530887860460245,0.5105853743556549,1,10,8,1.0,0.52,0.5703771919593214,0.21935912227517756,0.06377858002406739,0.48977875026512024,0,0.48204587333388493,PHY1586,SITE211,CRSsNP-001,0,Weak Match
ENT,463,30,4,15,4,35,0.2839767805175851,0.5427922449891301,9,9,4,1.0,0.7,0.8206031281011859,0.09737523084198473,0.06479481641468683,0.38361343746195015,0,0.38060688631154754,PHY1587,SITE212,CRSsNP-001,0,Weak Match
ENT,481,56,3,43,1,6,0.3427892465097062,0.5362091315943678,3,12,5,1.0,0.14,0.049211647033065124,0.5098213970744394,0.11642411642411643,0.4851491438176105,0,0.5154578091393707,PHY1588,SITE213,CRSsNP-001,0,Weak Match
ENT,631,140,1,31,8,31,0.17539994111822446,0.41512391064270093,3,12,4,1.0,0.38,0.7692613910171013,0.09578511369723794,0.2218700475435816,0.3506983955236329,0,0.3137685164295073,PHY1589,SITE214,CRSsNP-001,0,Weak Match
ENT,251,23,4,9,4,15,0.42198673355267413,0.3367299948861432,6,7,5,1.0,0.8200000000000001,0.32977657966552,0.22568432890180284,0.09163346613545817,0.4770675743476731,0,0.3966872223458492,PHY1590,SITE215,CRSsNP-001,0,Weak Match
Allergy,661,80,9,39,7,22,0.4869312445413879,0.6545496556963362,6,6,5,0.7,0.21999999999999997,0.5584267591163956,0.28903161278507855,0.12102874432677761,0.42922083272707057,0,0.44813071807599353,PHY1591,SITE216,CRSsNP-001,0,Weak Match
ENT,788,50,6,45,2,5,0.207439573165839,0.8935300100523518,6,6,5,1.0,0.09999999999999998,0.025452678642140028,0.870787277849381,0.06345177664974619,0.5874751318680987,0,0.5691514694720954,PHY1592,SITE217,CRSsNP-001,0,Weak Match
ENT,707,143,6,2,2,39,0.29793038064021854,0.4000978229701577,1,9,3,1.0,0.96,0.8926780147024376,0.04293929267439,0.20226308345120225,0.4558858279274348,0,0.43235097583742643,PHY1593,SITE218,CRSsNP-001,0,Weak Match
PrimaryCare,716,94,1,8,6,39,0.13444644420254953,0.32801089193956423,5,14,7,0.3,0.84,0.9367450882146036,0.02074830003428634,0.13128491620111732,0.20229638023567625,0,0.16765593446761307,PHY1594,SITE219,CRSsNP-001,0,Weak Match
ENT,519,104,2,7,2,35,0.3236546625851874,0.7677190090943598,6,11,3,1.0,0.86,0.7943231469839924,0.1579020297910956,0.2003853564547206,0.4182444303735,0,0.4244388682660371,PHY1595,SITE220,CRSsNP-001,0,Weak Match
Allergy,349,80,6,44,6,32,0.3011133767386722,0.4515516040108345,8,12,2,0.7,0.12,0.776904797095028,0.10073899671886268,0.22922636103151864,0.3417639098921494,0,0.2879210334444422,PHY1596,SITE221,CRSsNP-001,0,Weak Match
ENT,216,20,2,39,2,5,0.15777459366203106,0.797786283211757,1,14,3,1.0,0.21999999999999997,0.020438910569291074,0.7814804007157848,0.09259259259259259,0.5294003372343761,0,0.5196905498826414,PHY1597,SITE222,CRSsNP-001,0,Weak Match
ENT,965,204,3,42,4,29,0.27682648524723,0.7223620002207093,5,12,3,1.0,0.16000000000000003,0.6684536234218972,0.23949650375088688,0.21139896373056996,0.3949036793406302,0,0.3534680302612391,PHY1598,SITE223,CRSsNP-001,0,Weak Match
ENT,611,37,4,16,7,24,0.23364186083462532,0.8674041222304829,3,12,8,1.0,0.6799999999999999,0.5833326349178561,0.3614189900711652,0.060556464811783964,0.4570896507253935,0,0.4266307800260715,PHY1599,SITE224,CRSsNP-001,0,Weak Match
ENT,839,192,5,35,8,7,0.3087323501220758,0.5453563414540032,2,14,4,1.0,0.30000000000000004,0.1770108564226187,0.44882234839772406,0.22884386174016685,0.5342743494723248,0,0.5519648587109727,PHY1600,SITE200,CRSsNP-001,0,Weak Match
ENT,677,121,9,30,3,6,0.3342617341715197,0.6971819036703806,8,7,3,1.0,0.4,0.07863631341474803,0.6423580889862658,0.17872968980797638,0.6402904089077726,1,0.6728609020129124,PHY1601,SITE201,CRSsNP-001,0,Weak Match
ENT,434,97,4,10,9,22,0.1033982314428838,0.5789128684879625,7,6,5,1.0,0.8,0.549993952775057,0.26051429163592127,0.22350230414746544,0.49297903908654495,0,0.47767379275462285,PHY1602,SITE202,CRSsNP-001,0,Weak Match
ENT,517,25,9,38,2,14,0.4044023931798222,0.6783532183851262,7,8,4,1.0,0.24,0.2724779303387392,0.4935169374009242,0.048355899419729204,0.5425445693012433,0,0.5909360889765202,PHY1603,SITE203,CRSsNP-001,0,Weak Match
ENT,873,73,3,18,8,9,0.3852057167446964,0.5697593436046424,5,5,9,1.0,0.64,0.23520686876968208,0.4357480324431251,0.0836197021764032,0.49353384515575766,0,0.4448981656089021,PHY1604,SITE204,CRSsNP-001,0,Weak Match
ENT,394,50,8,5,8,13,0.2465145544826089,0.4131793478544449,9,7,8,1.0,0.9,0.32215752886573423,0.2800705101713013,0.12690355329949238,0.56552423747256,0,0.48952930722254395,PHY1605,SITE205,CRSsNP-001,0,Weak Match
ENT,854,107,1,29,4,6,0.1211743742275273,0.6047384496020285,5,13,7,1.0,0.42000000000000004,0.07226753214779376,0.5610354942544069,0.1252927400468384,0.4933035306478117,0,0.4264872713220213,PHY1606,SITE206,CRSsNP-001,0,Weak Match
ENT,470,44,9,39,1,38,0.4019730159140201,0.6171505208624655,2,11,8,1.0,0.21999999999999997,0.8628005919990824,0.08467268610978819,0.09361702127659574,0.4110587333411984,0,0.3572883937355063,PHY1607,SITE207,CRSsNP-001,0,Weak Match
Allergy,285,36,9,34,1,35,0.482070064191253,0.7863623089560967,3,11,5,0.7,0.31999999999999995,0.7951726967535531,0.1610684711181266,0.12631578947368421,0.39127537191669104,0,0.3256307102108771,PHY1608,SITE208,CRSsNP-001,0,Weak Match
Allergy,345,26,2,43,2,14,0.1960606384088057,0.7413124234761488,4,5,4,0.7,0.14,0.2514454593954629,0.5549127805996246,0.07536231884057971,0.3886785898905235,0,0.4897362857853358,PHY1609,SITE209,CRSsNP-001,0,Weak Match
ENT,736,97,4,45,9,16,0.22940984549481516,0.6982749743648665,5,11,7,1.0,0.09999999999999998,0.4112873798386174,0.41108328975146285,0.13179347826086957,0.4440362895316483,0,0.3665252501518271,PHY1610,SITE210,CRSsNP-001,0,Weak Match
Allergy,367,77,8,23,2,25,0.17352515579272598,0.36803225733154354,3,14,1,0.7,0.54,0.526787856668363,0.17415733330704028,0.2098092643051771,0.44860499707086604,0,0.4954764422407117,PHY1611,SITE211,CRSsNP-001,0,Weak Match
Allergy,742,108,7,5,2,10,0.33077444933793587,0.7323697743982291,7,11,6,0.7,0.9,0.16409327860360218,0.6121928169670432,0.14555256064690028,0.5774173756947735,0,0.5761609332394098,PHY1612,SITE212,CRSsNP-001,0,Weak Match
ENT,336,18,1,30,6,7,0.16193655785898198,0.6001830938127088,5,8,8,1.0,0.4,0.1319060260026201,0.5210153270339166,0.05357142857142857,0.45940531994937844,0,0.47063534329527396,PHY1613,SITE213,CRSsNP-001,0,Weak Match
PrimaryCare,629,84,5,6,7,14,0.24247757738455178,0.8364597216636955,5,11,7,0.3,0.88,0.331845166819213,0.558884605790654,0.13354531001589826,0.4349787319801841,0,0.3896922463446609,PHY1614,SITE214,CRSsNP-001,0,Weak Match
PrimaryCare,651,36,7,46,7,9,0.37880520557370523,0.8519225604783258,6,12,2,0.3,0.07999999999999996,0.21941795881098067,0.6649954511931473,0.055299539170506916,0.3978821791501581,0,0.4141548153948923,PHY1615,SITE215,CRSsNP-001,0,Weak Match
ENT,120,29,4,44,9,30,0.3240463932037394,0.33309395436107125,7,7,7,1.0,0.12,0.7741723369343353,0.0752218292946619,0.24166666666666667,0.37004379883216554,0,0.3243478710786306,PHY1616,SITE216,CRSsNP-001,0,Weak Match
ENT,836,63,1,4,6,25,0.25458502573117414,0.7923849362126874,8,14,6,1.0,0.92,0.5955420626644463,0.3204863768763478,0.07535885167464115,0.43038278202748526,0,0.47652109112890756,PHY1617,SITE217,CRSsNP-001,0,Weak Match
PrimaryCare,966,185,9,29,8,30,0.26809984072301674,0.32261843425360237,9,6,5,0.3,0.42000000000000004,0.7533816659251588,0.07956362079745712,0.1915113871635611,0.3254524043578659,0,0.3757280782505776,PHY1618,SITE218,CRSsNP-001,0,Weak Match
Allergy,893,218,5,23,6,30,0.3248443530492918,0.5203017754170136,4,11,4,0.7,0.54,0.7288245915071514,0.14109304648826304,0.24412094064949608,0.3853663853093115,0,0.3786232884660154,PHY1619,SITE219,CRSsNP-001,0,Weak Match
ENT,619,133,2,6,2,12,0.10234589115486453,0.6253799853726475,5,9,1,1.0,0.88,0.1915088989880802,0.5056141529247501,0.2148626817447496,0.5536876111223294,0,0.5502194058546155,PHY1620,SITE220,CRSsNP-001,0,Weak Match
ENT,199,37,8,32,1,9,0.13140394738144395,0.3888604791762765,5,9,2,1.0,0.36,0.10358575969308878,0.3485800710261833,0.18592964824120603,0.5618398502962293,0,0.583476045267571,PHY1621,SITE221,CRSsNP-001,0,Weak Match
ENT,851,185,2,42,5,19,0.45250322710520463,0.7477882875414461,8,9,7,1.0,0.16000000000000003,0.4489518207303328,0.41206737432889623,0.21739130434782608,0.4378661188797025,0,0.4569465902825919,PHY1622,SITE222,CRSsNP-001,0,Weak Match
ENT,577,142,3,18,9,20,0.13115159563651632,0.30501282250328315,9,11,3,1.0,0.64,0.5023198144028714,0.15179883811293798,0.24610051993067592,0.4506529161649694,0,0.5018602348216502,PHY1623,SITE223,CRSsNP-001,0,Weak Match
Allergy,698,121,1,15,8,5,0.38272143848420204,0.4011594290604221,7,13,5,0.7,0.7,0.1340042966939171,0.34740234190704694,0.17335243553008595,0.42441814759453916,0,0.4742104438550541,PHY1624,SITE224,CRSsNP-001,0,Weak Match
ENT,397,64,2,40,4,20,0.46801526564362106,0.6484780979120854,5,12,8,1.0,0.19999999999999996,0.4606129666049466,0.3497806774544668,0.16120906801007556,0.41419710583291763,0,0.41275505929896183,PHY1625,SITE200,CRSsNP-001,0,Weak Match
ENT,625,109,7,32,5,7,0.20827344172069245,0.7286325372223754,3,10,8,1.0,0.36,0.1214410499325839,0.6401466368870476,0.1744,0.6004852223841513,0,0.5766239981364041,PHY1626,SITE201,CRSsNP-001,0,Weak Match
Allergy,433,67,2,9,5,35,0.24819657482380572,0.8499858616163498,1,11,6,0.7,0.8200000000000001,0.8321338196206699,0.14268387996597048,0.15473441108545036,0.3360069968024897,0,0.37658798619556355,PHY1627,SITE202,CRSsNP-001,0,Weak Match
ENT,101,17,6,37,6,17,0.32756856233788656,0.7232979911607744,9,13,5,1.0,0.26,0.4010063210504823,0.433250924702188,0.16831683168316833,0.5046287607561815,0,0.4968144733118098,PHY1628,SITE203,CRSsNP-001,0,Weak Match
ENT,474,66,3,10,3,20,0.45268358785543394,0.7030675621529197,5,10,2,1.0,0.8,0.44392243948087107,0.3909600948421266,0.13924050632911392,0.49360990160261675,0,0.499297098716943,PHY1629,SITE204,CRSsNP-001,0,Weak Match
Allergy,392,36,4,20,5,25,0.47676223490416814,0.5366046878103986,9,5,9,0.7,0.6,0.6028284803888542,0.2131240992881205,0.09183673469387756,0.36530115549220804,0,0.39181696668476257,PHY1630,SITE205,CRSsNP-001,0,Weak Match
PrimaryCare,936,69,8,6,2,6,0.39582529924450727,0.3007706553160808,4,8,1,0.3,0.88,0.06970849791288834,0.27980438471772173,0.07371794871794872,0.4354195143317427,0,0.4841973629355106,PHY1631,SITE206,CRSsNP-001,0,Weak Match
Allergy,652,41,3,48,1,31,0.13464790434187762,0.37209555524137317,5,12,2,0.7,0.040000000000000036,0.6591480316233875,0.1268295024282106,0.06288343558282208,0.2641719562190089,0,0.27721436331442323,PHY1632,SITE207,CRSsNP-001,0,Weak Match
Allergy,417,42,6,3,1,30,0.36766166221394037,0.6207327268536236,4,11,1,0.7,0.94,0.6574332402490712,0.21264239890960415,0.10071942446043165,0.42596501187212155,0,0.3966051145784272,PHY1633,SITE208,CRSsNP-001,0,Weak Match
ENT,601,35,1,42,7,29,0.2641214887490648,0.7050779315066519,2,7,4,1.0,0.16000000000000003,0.7125993323072856,0.20263986829040972,0.05823627287853577,0.3148271086469874,0,0.4046776258402099,PHY1634,SITE209,CRSsNP-001,0,Weak Match
ENT,927,151,7,11,2,15,0.2882803997964246,0.5504689703378776,1,14,4,1.0,0.78,0.28599315337793363,0.39303861367424375,0.162891046386192,0.5737311689936033,1,0.6502482595707739,PHY1635,SITE210,CRSsNP-001,0,Weak Match
Allergy,480,51,8,43,4,12,0.11965935613807083,0.7384074069170341,8,7,5,0.7,0.14,0.22354225802119732,0.5733421478352232,0.10625,0.4928767037649249,0,0.4419765359022999,PHY1636,SITE211,CRSsNP-001,0,Weak Match
ENT,722,155,8,17,5,12,0.17642485573854327,0.6131173771993073,4,7,5,1.0,0.6599999999999999,0.24441560319964503,0.46326192361895424,0.2146814404432133,0.6078811845146297,0,0.5622926056684113,PHY1637,SITE212,CRSsNP-001,0,Weak Match
ENT,113,7,3,32,7,37,0.4162054430134591,0.3445057173565873,5,5,8,1.0,0.36,0.9298560376916918,0.024164996053257143,0.061946902654867256,0.3083341211051991,0,0.2690334470122454,PHY1638,SITE213,CRSsNP-001,0,Weak Match
ENT,603,57,1,4,2,11,0.2815835332191439,0.4152097505807693,6,14,3,1.0,0.92,0.1843653130141763,0.3386594749484077,0.0945273631840796,0.47992720448428383,0,0.5223547490700243,PHY1639,SITE214,CRSsNP-001,0,Weak Match
ENT,330,64,9,4,6,25,0.22066489665245956,0.8039989339463658,8,5,6,1.0,0.92,0.5921177652641275,0.32793688190330283,0.19393939393939394,0.5818604483390963,1,0.6736176079252714,PHY1640,SITE215,CRSsNP-001,1,Strong Match
ENT,183,31,6,17,1,12,0.25360762958598326,0.7349476479746637,8,10,3,1.0,0.6599999999999999,0.19163627372829822,0.5941050193314221,0.16939890710382513,0.598007103269411,0,0.5726934399108501,PHY1641,SITE216,CRSsNP-001,0,Weak Match
ENT,229,14,9,41,7,25,0.44175980533027215,0.836857192207497,7,5,2,1.0,0.18000000000000005,0.6295804567564892,0.30998825889754794,0.0611353711790393,0.4673234488986206,0,0.47578686679439924,PHY1642,SITE217,CRSsNP-001,0,Weak Match
ENT,842,189,7,19,9,24,0.3995996069619828,0.3705343494725619,4,9,8,1.0,0.62,0.6303718986842066,0.1369599080678257,0.22446555819477435,0.48747118129383804,0,0.44984088828054203,PHY1643,SITE218,CRSsNP-001,0,Weak Match
ENT,937,211,1,5,5,12,0.20892615887243313,0.8941335207690444,6,8,1,1.0,0.9,0.24769666759565845,0.6726596272889787,0.22518676627534684,0.5710589502670667,1,0.6560685885112145,PHY1644,SITE219,CRSsNP-001,0,Weak Match
PrimaryCare,244,28,1,32,5,35,0.14700073608494935,0.4256440283699602,4,9,9,0.3,0.36,0.8219179195952778,0.07579957408396909,0.11475409836065574,0.17265664744742998,0,0.21389806454125412,PHY1645,SITE220,CRSsNP-001,0,Weak Match
Allergy,990,116,6,22,4,33,0.2007992886576287,0.3070679257719852,7,11,7,0.7,0.56,0.7617303223796532,0.07316497568123949,0.11717171717171718,0.3537528921912118,0,0.31252111399601884,PHY1646,SITE221,CRSsNP-001,0,Weak Match
Allergy,956,236,5,6,3,13,0.46830258042189354,0.8984537634321326,1,10,4,0.7,0.88,0.26883358999168133,0.6569192127671355,0.24686192468619247,0.569215964725807,0,0.4640989091781894,PHY1647,SITE222,CRSsNP-001,0,Weak Match
Allergy,127,22,9,35,9,19,0.3326355351399022,0.4686443312670679,5,13,3,0.7,0.30000000000000004,0.49742203174860333,0.23553031584073747,0.1732283464566929,0.4456709466074604,0,0.49755029949553875,PHY1648,SITE223,CRSsNP-001,0,Weak Match
ENT,165,25,2,22,5,34,0.31339208349791314,0.700811671507536,4,10,6,1.0,0.56,0.8134774773129515,0.13071716089811275,0.15151515151515152,0.3686744723271153,0,0.34005023201639395,PHY1649,SITE224,CRSsNP-001,0,Weak Match
ENT,262,57,8,1,8,30,0.3385574398769846,0.4060093885057831,7,13,9,1.0,0.98,0.7604944859576461,0.09724148730009935,0.21755725190839695,0.5157881618413546,0,0.5579247703019009,PHY1650,SITE200,CRSsNP-001,0,Weak Match
Allergy,328,35,5,20,9,14,0.2464113062986061,0.6481371193194851,9,8,9,0.7,0.6,0.3625278176833774,0.4131693838930014,0.10670731707317073,0.4480579242785552,0,0.4627424411210759,PHY1651,SITE201,CRSsNP-001,0,Weak Match
Allergy,360,48,2,22,5,33,0.42284280812780517,0.8424209918727357,5,5,4,0.7,0.56,0.7992887778198073,0.16908334686902693,0.13333333333333333,0.31322112492515797,0,0.22150632328895536,PHY1652,SITE202,CRSsNP-001,0,Weak Match
Allergy,548,56,6,48,9,20,0.30931449972009994,0.4921087004570632,4,5,5,0.7,0.040000000000000036,0.5203056766580212,0.23606175007645147,0.10218978102189781,0.3547292276049626,0,0.3143903910146112,PHY1653,SITE203,CRSsNP-001,0,Weak Match
ENT,523,108,8,11,2,24,0.14669916110751824,0.7021523856266156,9,14,9,1.0,0.78,0.4988417798199686,0.3518894398757978,0.20650095602294455,0.5701189489988989,0,0.552411714634595,PHY1654,SITE204,CRSsNP-001,0,Weak Match
ENT,559,92,4,13,9,26,0.1516260499316252,0.4127421532790499,5,11,2,1.0,0.74,0.6558144166495669,0.1420598987996637,0.16457960644007155,0.437975439704994,0,0.4041859402424276,PHY1655,SITE205,CRSsNP-001,0,Weak Match
ENT,775,140,2,42,4,11,0.31474365860104736,0.6748772392312352,9,7,2,1.0,0.16000000000000003,0.2179984206178566,0.5277550669678865,0.18064516129032257,0.4749124616543723,0,0.48072087589864154,PHY1656,SITE206,CRSsNP-001,0,Weak Match
ENT,400,40,5,3,6,27,0.4746280872283357,0.5018702110905061,8,6,5,1.0,0.94,0.6682316912292603,0.16650463115591135,0.1,0.46047775710825617,0,0.4805468294158221,PHY1657,SITE207,CRSsNP-001,0,Weak Match
Allergy,402,37,2,9,6,33,0.2233408486704795,0.426724955152771,4,10,1,0.7,0.8200000000000001,0.794291466910788,0.0877809645570363,0.09203980099502487,0.3131369964690847,0,0.4026049933444387,PHY1658,SITE208,CRSsNP-001,0,Weak Match
Allergy,386,57,2,12,6,20,0.4478164675436873,0.4879092304221811,7,10,8,0.7,0.76,0.4888593959168476,0.2493902187757396,0.14766839378238342,0.383909202609059,0,0.40751987645288235,PHY1659,SITE209,CRSsNP-001,0,Weak Match
ENT,494,97,6,23,2,32,0.4056382346315518,0.4073046411046796,5,11,5,1.0,0.54,0.7268856996705236,0.11124072207625306,0.19635627530364372,0.4426486432741092,0,0.517203696560103,PHY1660,SITE210,CRSsNP-001,0,Weak Match
PrimaryCare,109,16,9,14,7,35,0.19912497716276276,0.8411496647027297,4,9,2,0.3,0.72,0.8574654884301094,0.11989285661558083,0.14678899082568808,0.34192927018652725,0,0.3180884309094625,PHY1661,SITE211,CRSsNP-001,0,Weak Match
Allergy,806,45,4,33,6,18,0.11453629932649699,0.5383121317902773,5,12,9,0.7,0.33999999999999997,0.40473827989332767,0.3204366055237701,0.05583126550868486,0.3715713094925924,0,0.4298319801682762,PHY1662,SITE212,CRSsNP-001,0,Weak Match
ENT,729,163,6,18,1,37,0.1407389060569531,0.44716758298462045,5,11,2,1.0,0.64,0.8111905987329784,0.08442944360934738,0.22359396433470508,0.44566531993224795,0,0.4266054154077515,PHY1663,SITE213,CRSsNP-001,0,Weak Match
ENT,369,23,7,49,2,13,0.3913975735389761,0.5690447046095597,9,6,7,1.0,0.020000000000000018,0.2459271257095019,0.42910117600471814,0.06233062330623306,0.4838101784565517,0,0.4379593383827707,PHY1664,SITE214,CRSsNP-001,0,Weak Match
ENT,691,166,6,41,7,31,0.17986789521625868,0.4923217000838973,9,5,8,1.0,0.18000000000000005,0.7545696719706108,0.1208306763475775,0.2402315484804631,0.4167670551925702,0,0.3688032172820084,PHY1665,SITE215,CRSsNP-001,0,Weak Match
ENT,704,38,8,9,1,28,0.24850836820215752,0.7466515522879956,6,13,6,1.0,0.8200000000000001,0.5949286132718762,0.30244717968800466,0.05397727272727273,0.5164908927922315,0,0.3843931298650581,PHY1666,SITE216,CRSsNP-001,0,Weak Match
ENT,877,165,4,23,1,17,0.30067966640256993,0.8827319471312967,4,9,7,1.0,0.54,0.3225780043269703,0.5979820372700223,0.18814139110604333,0.5483739547978183,0,0.5910780859448261,PHY1667,SITE217,CRSsNP-001,0,Weak Match
ENT,943,62,1,10,1,30,0.39018726738006515,0.5628201940185882,2,9,1,1.0,0.8,0.6597072401808513,0.19152363710453413,0.06574761399787911,0.3837709069022915,0,0.31926115508529107,PHY1668,SITE218,CRSsNP-001,0,Weak Match
ENT,961,223,7,19,8,33,0.14529248930365016,0.8166200399833443,3,14,4,1.0,0.62,0.8166978800542325,0.14968818451914442,0.23204994797086367,0.47328033589112156,0,0.5436875976218074,PHY1669,SITE219,CRSsNP-001,0,Weak Match
ENT,460,65,3,47,4,32,0.2625465621109846,0.6395178441357717,2,8,7,1.0,0.06000000000000005,0.7427258745893552,0.1645313940345317,0.14130434782608695,0.34495977830449254,0,0.3362487531884655,PHY1670,SITE220,CRSsNP-001,0,Weak Match
PrimaryCare,356,27,6,5,4,32,0.2940291636570782,0.3943413990565401,5,6,1,0.3,0.9,0.7459040992470323,0.10020053299745706,0.07584269662921349,0.30441037083209155,0,0.22666713342535358,PHY1671,SITE221,CRSsNP-001,0,Weak Match
ENT,232,27,2,47,2,12,0.3163308255886159,0.714373645248805,6,9,1,1.0,0.06000000000000005,0.21311105896183724,0.5621327212154043,0.11637931034482758,0.4562102659331041,0,0.4003237577810803,PHY1672,SITE222,CRSsNP-001,0,Weak Match
Allergy,375,31,9,23,1,27,0.4273442565580867,0.6080606982754921,5,6,6,0.7,0.54,0.5877444695460875,0.25067638571573947,0.08266666666666667,0.4410274968552058,0,0.45055924397092234,PHY1673,SITE223,CRSsNP-001,0,Weak Match
ENT,875,73,1,30,9,33,0.16867127801728676,0.6903639139512621,2,11,4,1.0,0.4,0.8342007773481902,0.11446180027998015,0.08342857142857144,0.3153294251783199,0,0.22133155155112572,PHY1674,SITE224,CRSsNP-001,0,Weak Match
PrimaryCare,782,187,6,25,7,9,0.42313258073064897,0.8338124475429991,5,13,3,0.3,0.5,0.22389288622533796,0.6471277720919838,0.2391304347826087,0.46681887449151516,0,0.4963161248392333,PHY1675,SITE200,CRSsNP-001,0,Weak Match
ENT,612,85,6,28,4,11,0.3771513710786609,0.5642607423936277,9,13,5,1.0,0.43999999999999995,0.22429859026346793,0.43769785333371913,0.1388888888888889,0.5338319338626193,0,0.4580153194596468,PHY1676,SITE201,CRSsNP-001,0,Weak Match
ENT,412,85,5,34,6,31,0.3223483256795837,0.8407065739304134,4,10,9,1.0,0.31999999999999995,0.7538105580428248,0.2069730822856571,0.20631067961165048,0.4245912305557616,0,0.3876424139625354,PHY1677,SITE202,CRSsNP-001,0,Weak Match
PrimaryCare,675,120,5,45,2,6,0.3798111481610288,0.750401408568993,2,5,3,0.3,0.09999999999999998,0.06809184085960253,0.6993051952758915,0.17777777777777778,0.4224962994136625,0,0.4324323161824071,PHY1678,SITE203,CRSsNP-001,0,Weak Match
PrimaryCare,985,182,1,48,7,29,0.26480709558066257,0.5931629555267909,3,10,5,0.3,0.040000000000000036,0.7126685455371536,0.17043437474499348,0.1847715736040609,0.18801291379629856,0,0.21139344830495846,PHY1679,SITE204,CRSsNP-001,0,Weak Match
PrimaryCare,383,29,5,47,2,13,0.15535903438724985,0.6619332813947783,3,9,5,0.3,0.06000000000000005,0.22209861508925488,0.514918816315512,0.07571801566579635,0.340703405670626,0,0.3805893954836729,PHY1680,SITE205,CRSsNP-001,0,Weak Match
ENT,220,21,2,25,8,31,0.36630609610614695,0.4953486795114069,9,8,9,1.0,0.5,0.7885337071310226,0.10474954893382041,0.09545454545454546,0.34596017543729823,0,0.2806328747616439,PHY1681,SITE206,CRSsNP-001,0,Weak Match
ENT,206,42,7,10,8,5,0.3098689226742489,0.8901583798432646,4,10,4,1.0,0.8,0.12664970556262184,0.7774200831320146,0.20388349514563106,0.6787899198565486,1,0.6633672802059398,PHY1682,SITE207,CRSsNP-001,1,Strong Match
Allergy,786,191,3,14,1,27,0.35574992021711027,0.7004106978302376,1,10,1,0.7,0.72,0.5805168938714479,0.2938104550914948,0.2430025445292621,0.4184610377634697,0,0.473111012862676,PHY1683,SITE208,CRSsNP-001,0,Weak Match
PrimaryCare,303,31,4,42,8,14,0.23519951241139603,0.32630811149797795,1,10,5,0.3,0.16000000000000003,0.3462532001715262,0.21332288364987592,0.10231023102310231,0.2696168144685982,0,0.25420621616779165,PHY1684,SITE209,CRSsNP-001,0,Weak Match
Allergy,264,27,3,46,2,29,0.4627466309359344,0.4959731434488053,7,6,1,0.7,0.07999999999999996,0.656937059093961,0.17015000520195986,0.10227272727272728,0.28690447694917764,0,0.3016181995094008,PHY1685,SITE210,CRSsNP-001,0,Weak Match
Allergy,404,58,3,30,6,7,0.3349479474302308,0.6739886602554346,7,11,6,0.7,0.4,0.1493718336992699,0.5733137381805661,0.14356435643564355,0.4606166533750971,0,0.4687386162973005,PHY1686,SITE211,CRSsNP-001,0,Weak Match
ENT,596,147,4,41,1,10,0.13416099371634954,0.33379996667954387,2,8,7,1.0,0.18000000000000005,0.12910203336847395,0.29070571224288594,0.24664429530201343,0.48489201293723316,0,0.5499538705017911,PHY1687,SITE212,CRSsNP-001,0,Weak Match
Allergy,731,75,5,25,5,10,0.2799215962817715,0.31433051479148566,9,13,1,0.7,0.5,0.20438789347528097,0.2500851630182533,0.10259917920656635,0.4202280380577641,0,0.39693257834898305,PHY1688,SITE213,CRSsNP-001,0,Weak Match
ENT,655,86,1,14,7,6,0.4025424218974537,0.5700145437166816,9,14,4,1.0,0.72,0.14610043822255028,0.4867351690864474,0.13129770992366413,0.5025614174759505,0,0.43306397104079875,PHY1689,SITE214,CRSsNP-001,0,Weak Match
ENT,923,210,4,35,1,22,0.417653824692909,0.499614107815602,5,6,9,1.0,0.30000000000000004,0.46057647849769273,0.2695036014301255,0.2275189599133261,0.4547228124145874,0,0.4063292179077925,PHY1690,SITE215,CRSsNP-001,0,Weak Match
ENT,255,12,8,48,2,27,0.2978388211055035,0.5629791648198996,3,9,1,1.0,0.040000000000000036,0.5898134323126362,0.23092649129697332,0.047058823529411764,0.422968660910484,0,0.4324108599096601,PHY1691,SITE216,CRSsNP-001,0,Weak Match
Allergy,466,27,7,34,7,6,0.4578990283325205,0.4576159859280031,3,8,9,0.7,0.31999999999999995,0.15168878616386222,0.38820077249340523,0.05793991416309013,0.4539562544230673,0,0.37547921710656446,PHY1692,SITE217,CRSsNP-001,0,Weak Match
ENT,818,139,9,10,6,16,0.20706737487771903,0.39883064816578856,3,13,8,1.0,0.8,0.3636035667717255,0.25381440195482874,0.16992665036674817,0.5718841863054802,0,0.5446634870521065,PHY1693,SITE218,CRSsNP-001,0,Weak Match
ENT,719,166,5,35,3,26,0.26423947889530663,0.7134860141882027,6,8,5,1.0,0.30000000000000004,0.5763263409412253,0.3022852303183767,0.23087621696801114,0.4655434662115557,0,0.4693142858602656,PHY1694,SITE219,CRSsNP-001,0,Weak Match
Allergy,350,34,4,11,2,24,0.459438764227588,0.6087426697606804,4,12,6,0.7,0.78,0.5304133993576076,0.2858574009588924,0.09714285714285714,0.406415854541732,0,0.36808624930956163,PHY1695,SITE220,CRSsNP-001,0,Weak Match
ENT,981,141,8,11,4,28,0.4585026865886316,0.4200925267496201,8,12,7,1.0,0.78,0.6615562143470787,0.14217770507764255,0.1437308868501529,0.4962126412933589,0,0.5125553036810256,PHY1696,SITE221,CRSsNP-001,0,Weak Match
Allergy,433,60,9,21,3,24,0.37428510752987243,0.491753655755999,5,10,4,0.7,0.5800000000000001,0.5369597531251566,0.22770173416286452,0.13856812933025403,0.45948640385262074,0,0.495706991970035,PHY1697,SITE222,CRSsNP-001,0,Weak Match
ENT,741,107,7,21,7,5,0.4435922188488881,0.6550847445979956,1,10,6,1.0,0.5800000000000001,0.12500654334276112,0.5731948650792246,0.14439946018893388,0.6012381837288023,1,0.6239836137264361,PHY1698,SITE223,CRSsNP-001,1,Strong Match
ENT,610,106,7,22,8,5,0.13550930678249307,0.3433376089634867,9,12,7,1.0,0.56,0.10904779201939228,0.30589740078880095,0.1737704918032787,0.5547173239066406,0,0.4773420759040292,PHY1699,SITE224,CRSsNP-001,0,Weak Match
Allergy,392,56,5,45,2,21,0.4459979904831105,0.38847180555970773,1,14,6,0.7,0.09999999999999998,0.4533426945037438,0.2123609504885354,0.14285714285714285,0.35785220636161846,0,0.36181131574009984,PHY1700,SITE200,CRSsNP-001,0,Weak Match
ENT,119,16,4,7,7,5,0.22824796262009073,0.3439473624644341,6,13,6,1.0,0.86,0.10326715741452229,0.3084288960425096,0.13445378151260504,0.530972508845201,0,0.5388446241871385,PHY1701,SITE201,CRSsNP-001,0,Weak Match
ENT,381,55,1,17,8,34,0.17133260497128655,0.7873903996284715,1,9,2,1.0,0.6599999999999999,0.844564621017124,0.12238832517372962,0.14435695538057744,0.3571104417781779,0,0.3380639358675533,PHY1702,SITE202,CRSsNP-001,0,Weak Match
ENT,896,150,7,2,6,7,0.19574793453681855,0.7514455399272055,3,5,5,1.0,0.96,0.13531934465451664,0.6497604219206966,0.16741071428571427,0.6592728284901163,1,0.6749383791329349,PHY1703,SITE203,CRSsNP-001,1,Strong Match
ENT,100,15,1,12,6,15,0.26718740320555484,0.7519877591275543,5,5,3,1.0,0.76,0.3444348456898942,0.49297697135176577,0.15,0.4926519097013638,0,0.5065231384886442,PHY1704,SITE204,CRSsNP-001,0,Weak Match
PrimaryCare,218,48,1,42,1,28,0.2004768018417869,0.7297952060856169,7,6,7,0.3,0.16000000000000003,0.590079741162947,0.2991578397766565,0.22018348623853212,0.24686946539866964,0,0.24232570355552127,PHY1705,SITE205,CRSsNP-001,0,Weak Match
ENT,134,8,5,18,4,26,0.22822703440659964,0.7016312542019216,8,14,4,1.0,0.64,0.5878335875410311,0.2891888369134929,0.05970149253731343,0.45297978176292386,0,0.40276619786225787,PHY1706,SITE206,CRSsNP-001,0,Weak Match
PrimaryCare,297,64,9,11,1,30,0.15399139442865684,0.5861951492269051,9,14,1,0.3,0.78,0.6358628464335093,0.21345543307396944,0.21548821548821548,0.40597685584349685,0,0.4046458082284902,PHY1707,SITE207,CRSsNP-001,0,Weak Match
ENT,584,127,6,16,4,17,0.21847070622359943,0.6853668981042691,6,9,6,1.0,0.6799999999999999,0.359707164378133,0.43883551462854564,0.21746575342465754,0.5641628248440602,1,0.6575093712277809,PHY1708,SITE208,CRSsNP-001,1,Strong Match
Allergy,856,91,3,49,2,5,0.32891352581680044,0.32301693287278477,9,8,6,0.7,0.020000000000000018,0.03771569035721508,0.31083412625241746,0.10630841121495327,0.37197235901850034,0,0.3523570075677157,PHY1709,SITE209,CRSsNP-001,0,Weak Match
Allergy,158,22,3,18,5,28,0.27674148323642556,0.6728786535940707,8,5,7,0.7,0.64,0.6583498643412291,0.22988908328230537,0.13924050632911392,0.3639529568046166,0,0.4163182297134169,PHY1710,SITE210,CRSsNP-001,0,Weak Match
Allergy,936,128,7,35,9,14,0.2386875044943645,0.7667266233221264,9,8,8,0.7,0.30000000000000004,0.3617480861446952,0.48936473473916253,0.13675213675213677,0.4708861725213972,0,0.47282902354977824,PHY1711,SITE211,CRSsNP-001,0,Weak Match
ENT,260,24,6,26,3,39,0.3985808515428456,0.6002150162306341,4,8,3,1.0,0.48,0.917981625838727,0.0492286597784187,0.09230769230769231,0.3791244924487341,0,0.33908804368191614,PHY1712,SITE212,CRSsNP-001,0,Weak Match
ENT,790,102,9,16,8,28,0.4574039885573272,0.5145079970563422,9,14,6,1.0,0.6799999999999999,0.7220163666837588,0.14302480239198395,0.1291139240506329,0.49168180482267915,0,0.47685196991171014,PHY1713,SITE213,CRSsNP-001,0,Weak Match
ENT,305,17,6,6,3,32,0.4027156891609588,0.46645604088058745,7,8,2,1.0,0.88,0.7417334304684169,0.12047000151551321,0.05573770491803279,0.4418550834857692,0,0.44101156480036413,PHY1714,SITE214,CRSsNP-001,0,Weak Match
PrimaryCare,111,11,5,44,6,20,0.2328002808470717,0.6856812300972495,5,5,9,0.3,0.12,0.46715312919176893,0.365363097829258,0.0990990990990991,0.2981320814214495,0,0.33089265473539475,PHY1715,SITE215,CRSsNP-001,0,Weak Match
PrimaryCare,589,125,7,43,4,20,0.3977768671350215,0.7156807191779453,5,13,2,0.3,0.14,0.45352227526773475,0.39110357105111476,0.21222410865874364,0.3649245138481354,0,0.48392678628910185,PHY1716,SITE216,CRSsNP-001,0,Weak Match
PrimaryCare,375,40,1,47,8,21,0.1607920729896205,0.8225805599175255,1,7,3,0.3,0.06000000000000005,0.5154072513211141,0.39861657454025073,0.10666666666666667,0.2358492564426054,0,0.23858248674331908,PHY1717,SITE217,CRSsNP-001,0,Weak Match
ENT,792,169,7,47,6,19,0.15212719523651638,0.5054004494765945,2,8,2,1.0,0.06000000000000005,0.43377109267934993,0.2861723442664975,0.21338383838383837,0.47820331918132414,0,0.4166603576167463,PHY1718,SITE218,CRSsNP-001,0,Weak Match
Allergy,341,53,3,48,8,20,0.23825081481446359,0.7618633844313514,3,9,9,0.7,0.040000000000000036,0.49798890422562264,0.38246387244875835,0.15542521994134897,0.3545501890525266,0,0.2718213189886174,PHY1719,SITE219,CRSsNP-001,0,Weak Match
PrimaryCare,315,71,9,42,1,19,0.4230809476176228,0.6368134945136028,8,11,1,0.3,0.16000000000000003,0.3854105213929859,0.39137887356302575,0.2253968253968254,0.4070839289225129,0,0.38599470045609957,PHY1720,SITE220,CRSsNP-001,0,Weak Match
ENT,350,57,6,12,6,38,0.19853929889692076,0.8297018944068475,6,10,5,1.0,0.76,0.917977431025167,0.06805428086253522,0.16285714285714287,0.4285273987842761,0,0.37212300378511176,PHY1721,SITE221,CRSsNP-001,0,Weak Match
ENT,910,50,9,13,1,15,0.12530136355947186,0.6166872649773725,5,9,1,1.0,0.74,0.25439736264101087,0.4598036511928307,0.054945054945054944,0.5892572577107289,1,0.6171525725876921,PHY1722,SITE222,CRSsNP-001,1,Strong Match
Allergy,225,41,5,4,1,5,0.15268381408254206,0.6105778970387803,1,12,5,0.7,0.92,0.004782220345764829,0.6076579789968871,0.18222222222222223,0.5736089293203566,1,0.6018717154956773,PHY1723,SITE223,CRSsNP-001,1,Strong Match
Allergy,316,18,7,39,8,19,0.4434979874118321,0.6467262488645455,9,5,8,0.7,0.21999999999999997,0.4934710266498586,0.32758558287594636,0.056962025316455694,0.39741052023931733,0,0.390111748623933,PHY1724,SITE224,CRSsNP-001,0,Weak Match
PrimaryCare,405,56,4,2,7,30,0.35351331389891505,0.7495892130854607,3,11,8,0.3,0.96,0.7468615410934946,0.18974985821339363,0.1382716049382716,0.31383171876789717,0,0.3467010406628774,PHY1725,SITE200,CRSsNP-001,0,Weak Match
ENT,896,211,7,26,3,8,0.20128046534799068,0.8788142872970766,3,10,8,1.0,0.48,0.1156875075337155,0.7771464528146592,0.23549107142857142,0.6557333076667032,1,0.6589712750551634,PHY1726,SITE201,CRSsNP-001,1,Strong Match
Allergy,284,23,1,27,6,9,0.32211833013127256,0.3441380125294594,2,9,2,0.7,0.45999999999999996,0.19855255088121945,0.2758085322865422,0.08098591549295775,0.3565529302424259,0,0.44993162001084375,PHY1727,SITE202,CRSsNP-001,0,Weak Match
ENT,138,17,7,27,9,39,0.31103184897014013,0.3320607614346103,4,11,8,1.0,0.45999999999999996,1.0,0.0,0.12318840579710146,0.38179710144927537,0,0.41310334876702703,PHY1728,SITE203,CRSsNP-001,0,Weak Match
ENT,322,63,8,15,7,17,0.3621743913762645,0.8625302024444033,2,7,5,1.0,0.7,0.4196426080467039,0.5005757787715823,0.1956521739130435,0.5970639384279068,1,0.6418447922353203,PHY1729,SITE204,CRSsNP-001,1,Strong Match
ENT,283,64,5,8,3,14,0.19327502176864653,0.6179253753109237,9,5,1,1.0,0.84,0.2663070134024897,0.45336751410625914,0.22614840989399293,0.5795799039545011,0,0.5071735334134891,PHY1730,SITE205,CRSsNP-001,0,Weak Match
PrimaryCare,594,109,2,7,6,15,0.4457611948777591,0.6689418087401617,7,13,7,0.3,0.86,0.3624621877783981,0.42647569724776396,0.1835016835016835,0.3709243415471339,0,0.31236256918567196,PHY1731,SITE206,CRSsNP-001,0,Weak Match
Allergy,526,53,5,47,4,22,0.22374742483200516,0.5894541609568373,8,6,6,0.7,0.06000000000000005,0.48642958321788904,0.30272621911655245,0.10076045627376426,0.35809239956996264,0,0.3820343208751863,PHY1732,SITE207,CRSsNP-001,0,Weak Match
Allergy,277,51,6,46,3,38,0.3776526615904948,0.3561944715644847,3,14,5,0.7,0.07999999999999996,0.8906309428748147,0.038956653508211314,0.18411552346570398,0.3027571172805868,0,0.2252959418702703,PHY1733,SITE208,CRSsNP-001,0,Weak Match
ENT,527,57,2,40,9,27,0.10644985854888596,0.7608536270512,6,7,1,1.0,0.19999999999999996,0.6764917446675079,0.24614242945073228,0.10815939278937381,0.35861915962073915,0,0.32739536747698406,PHY1734,SITE209,CRSsNP-001,0,Weak Match
PrimaryCare,393,76,6,12,2,11,0.2490628519576589,0.7483347870531523,6,12,1,0.3,0.76,0.1810822923616936,0.6128246083595676,0.19338422391857507,0.47880274841538795,0,0.5377733790698074,PHY1735,SITE210,CRSsNP-001,0,Weak Match
ENT,951,229,6,13,1,7,0.24068392718352333,0.4870219928956872,1,14,6,1.0,0.74,0.06414187826470644,0.4557834875151373,0.24079915878023134,0.6089422993716146,0,0.5766495093863415,PHY1736,SITE211,CRSsNP-001,0,Weak Match
PrimaryCare,250,48,1,43,2,16,0.3173937714332058,0.48374354713704026,6,13,7,0.3,0.14,0.3141701450005804,0.3317657667899012,0.192,0.2719361388579222,0,0.2114495035435667,PHY1737,SITE212,CRSsNP-001,0,Weak Match
ENT,483,107,1,17,7,11,0.1290945047108786,0.8027048285433112,3,7,1,1.0,0.6599999999999999,0.24468510901474727,0.6062949100645271,0.22153209109730848,0.5331734938857579,0,0.5665506594510485,PHY1738,SITE213,CRSsNP-001,0,Weak Match
ENT,737,37,3,17,1,30,0.41605254949044335,0.34341435464479597,3,10,9,1.0,0.6599999999999999,0.6623183864439902,0.1159647133947505,0.050203527815468114,0.3805119859884181,0,0.4841885982904604,PHY1739,SITE214,CRSsNP-001,0,Weak Match
ENT,912,176,3,36,6,37,0.18711232070702744,0.8286630890139395,3,11,4,1.0,0.28,0.891585912298589,0.08983875280727942,0.19298245614035087,0.3500547733666847,0,0.3096225155235578,PHY1740,SITE215,CRSsNP-001,0,Weak Match
ENT,407,87,4,21,7,19,0.3708151259528041,0.45399701393754865,8,5,5,1.0,0.5800000000000001,0.470990795462643,0.24016859920543798,0.21375921375921375,0.4723744437346268,0,0.5335757336417686,PHY1741,SITE216,CRSsNP-001,0,Weak Match
Allergy,435,25,2,8,9,6,0.4212848492976373,0.6557908486532964,5,11,2,0.7,0.84,0.178278053554877,0.5388777326162858,0.05747126436781609,0.4583155572597235,0,0.4116568089314966,PHY1742,SITE217,CRSsNP-001,0,Weak Match
Allergy,845,189,9,5,8,11,0.3247507824966053,0.8615965074010667,4,8,8,0.7,0.9,0.27957972544379495,0.6207115924185439,0.22366863905325443,0.6171015057026429,1,0.6114781166472922,PHY1743,SITE218,CRSsNP-001,1,Strong Match
ENT,991,100,7,26,6,36,0.3963532826887942,0.706873500921988,9,9,2,1.0,0.48,0.8874712148691822,0.0795436162999193,0.10090817356205853,0.40538864516358025,0,0.40193199817852293,PHY1744,SITE219,CRSsNP-001,0,Weak Match
PrimaryCare,474,86,7,16,3,8,0.3647441248860023,0.5486578874802219,9,12,3,0.3,0.6799999999999999,0.13218945489080441,0.47613110041267104,0.18143459915611815,0.4603659243824833,0,0.421266837378385,PHY1745,SITE220,CRSsNP-001,0,Weak Match
ENT,107,22,6,36,8,24,0.24221191886080307,0.7137205253432491,1,8,9,1.0,0.28,0.5993405644928699,0.28595886279387855,0.205607476635514,0.46665958526836726,0,0.5104293508457742,PHY1746,SITE221,CRSsNP-001,0,Weak Match
Allergy,440,80,3,28,7,36,0.4235434156134261,0.5063877817898221,2,8,2,0.7,0.43999999999999995,0.9053588741445329,0.04792510978804138,0.18181818181818182,0.2935036799977004,0,0.21651763447149514,PHY1747,SITE222,CRSsNP-001,0,Weak Match
PrimaryCare,228,15,6,29,3,32,0.2178805479542112,0.4663550498095117,8,12,6,0.3,0.42000000000000004,0.7230739940006767,0.12914584132136353,0.06578947368421052,0.26196913728525767,0,0.27172151779321163,PHY1748,SITE223,CRSsNP-001,0,Weak Match
Allergy,875,148,8,47,9,17,0.3284851671006069,0.8980099667608079,5,9,4,0.7,0.06000000000000005,0.4465271548263915,0.49702413129736195,0.16914285714285715,0.46303782506254754,0,0.516746053972194,PHY1749,SITE224,CRSsNP-001,0,Weak Match
ENT,768,122,8,12,2,5,0.3981590956566158,0.7504741387078726,7,10,7,1.0,0.76,0.04470615387331258,0.7169233263848568,0.15885416666666666,0.6746275915563069,1,0.7142357650185172,PHY1750,SITE200,CRSsNP-001,1,Strong Match
PrimaryCare,451,103,9,37,3,39,0.25158236392500305,0.6868319864290906,1,9,6,0.3,0.26,0.9031418668910984,0.06652526396500014,0.22838137472283815,0.3010862097845997,0,0.3256469628238826,PHY1751,SITE201,CRSsNP-001,0,Weak Match
Allergy,457,59,1,30,2,34,0.22110704304697004,0.5131737859315912,5,5,9,0.7,0.4,0.7587328373400694,0.12381198328316965,0.12910284463894967,0.2761648240823644,0,0.35542979374243133,PHY1752,SITE202,CRSsNP-001,0,Weak Match
ENT,616,70,1,23,1,29,0.2837384040691291,0.3294964974930289,3,11,9,1.0,0.54,0.6237230930347791,0.12398192293255056,0.11363636363636363,0.35983316619212313,0,0.34885229783808885,PHY1753,SITE203,CRSsNP-001,0,Weak Match
ENT,594,118,3,16,4,20,0.42718539773966147,0.31863412562109333,2,10,4,1.0,0.6799999999999999,0.45649111877251536,0.17318047713721824,0.19865319865319866,0.4516502832134918,0,0.3754139757826556,PHY1754,SITE204,CRSsNP-001,0,Weak Match
Allergy,185,24,3,14,5,23,0.47196870525826595,0.6325087532692792,2,6,1,0.7,0.72,0.5518686751577796,0.2834469855768632,0.12972972972972974,0.3909349620320271,0,0.3976953063106248,PHY1755,SITE205,CRSsNP-001,0,Weak Match
Allergy,274,49,8,10,6,5,0.3180333651439561,0.7572196326234306,9,11,2,0.7,0.8,0.09718838663153731,0.683626678203034,0.17883211678832117,0.6117145261745335,1,0.6054264106467989,PHY1756,SITE206,CRSsNP-001,1,Strong Match
Allergy,901,161,1,7,5,9,0.36458648212946076,0.6224275142663132,4,10,8,0.7,0.86,0.18769701944413117,0.5055997250185067,0.17869034406215317,0.46802282907482656,0,0.36223180052283344,PHY1757,SITE207,CRSsNP-001,0,Weak Match
PrimaryCare,292,66,2,45,1,26,0.4613094488955657,0.8044710431634687,4,9,8,0.3,0.09999999999999998,0.5659353712215959,0.3491924247137266,0.22602739726027396,0.2697517971356542,0,0.21349673411023484,PHY1758,SITE208,CRSsNP-001,0,Weak Match
Allergy,410,69,2,37,3,28,0.13941874056517697,0.32005591985593296,7,12,2,0.7,0.26,0.6142013551373193,0.12347714016069766,0.16829268292682928,0.3013484632501149,0,0.2387171614342672,PHY1759,SITE209,CRSsNP-001,0,Weak Match
ENT,218,32,3,29,1,8,0.19283143114646603,0.5200512458555641,2,9,4,1.0,0.42000000000000004,0.08454902856460343,0.4760814182146644,0.14678899082568808,0.5104586284928946,0,0.4697319822172521,PHY1760,SITE210,CRSsNP-001,0,Weak Match
ENT,317,24,6,3,5,22,0.38356000250063305,0.44224223470450685,3,6,1,1.0,0.94,0.5177057143267906,0.21329090268133397,0.07570977917981073,0.4938150538985404,0,0.4762563406936058,PHY1761,SITE211,CRSsNP-001,0,Weak Match
ENT,526,38,1,15,5,20,0.42949778476491984,0.5683637808942732,3,10,7,1.0,0.7,0.4718673253228092,0.30017148379333336,0.07224334600760456,0.4159084007282869,0,0.4002647026680673,PHY1762,SITE212,CRSsNP-001,0,Weak Match
Allergy,513,41,2,36,6,22,0.44281161133223124,0.34342583591647347,6,5,4,0.7,0.28,0.5388300366568081,0.1583776801607051,0.07992202729044834,0.2957730391890723,0,0.2568328027589028,PHY1763,SITE213,CRSsNP-001,0,Weak Match
ENT,213,17,1,47,8,26,0.2660428707419731,0.8724789849426435,3,9,8,1.0,0.06000000000000005,0.6522222313807124,0.30342879455057353,0.07981220657276995,0.33641658741523595,0,0.27371966035355233,PHY1764,SITE214,CRSsNP-001,0,Weak Match
Allergy,244,43,5,46,1,6,0.13573596091674675,0.43395324064161656,5,10,9,0.7,0.07999999999999996,0.028309249346484686,0.421668350147578,0.1762295081967213,0.44856012214404745,0,0.4674327075820013,PHY1765,SITE215,CRSsNP-001,0,Weak Match
Allergy,637,126,7,19,4,25,0.27511259091984797,0.8533846652901509,4,11,9,0.7,0.62,0.5673288229752814,0.3692349475859351,0.1978021978021978,0.47356465667020836,0,0.4793932497313424,PHY1766,SITE216,CRSsNP-001,0,Weak Match
PrimaryCare,747,116,8,13,1,33,0.19229383608282152,0.5555358930220091,3,6,3,0.3,0.74,0.7154433809107561,0.1580814155010668,0.15528781793842034,0.35289389949374284,0,0.3602274744265949,PHY1767,SITE217,CRSsNP-001,0,Weak Match
ENT,402,86,1,42,9,30,0.21647858199864967,0.891314479953131,8,5,5,1.0,0.16000000000000003,0.76331317494787,0.21096239438309694,0.21393034825870647,0.350343748446509,0,0.4392943094132205,PHY1768,SITE218,CRSsNP-001,0,Weak Match
PrimaryCare,843,209,7,21,7,25,0.40890702273500235,0.6324350300761266,3,10,6,0.3,0.5800000000000001,0.6262639098832989,0.23636379539348978,0.2479240806642942,0.36962738825644154,0,0.3777710909334308,PHY1769,SITE219,CRSsNP-001,0,Weak Match
ENT,980,209,5,37,7,21,0.13021083441035475,0.8584997185054846,6,7,6,1.0,0.26,0.49717725389456063,0.43167318598967436,0.21326530612244898,0.4909332383390911,0,0.4726003497250661,PHY1770,SITE220,CRSsNP-001,0,Weak Match
PrimaryCare,687,129,1,27,5,20,0.4310324869922809,0.3032093932165337,7,9,8,0.3,0.45999999999999996,0.47202225624406896,0.16008781131607033,0.18777292576419213,0.2527585680798552,0,0.24746826845879663,PHY1771,SITE221,CRSsNP-001,0,Weak Match
ENT,939,146,3,29,7,35,0.27106763432966763,0.7489432837085401,7,6,6,1.0,0.42000000000000004,0.8647282277120555,0.10131088533040707,0.1554845580404686,0.35966049380499304,0,0.3646014548639723,PHY1772,SITE222,CRSsNP-001,0,Weak Match
ENT,444,62,7,20,2,13,0.3384255724402381,0.8418303918615093,2,5,6,1.0,0.6,0.240579507920927,0.6393032504345862,0.13963963963963963,0.6037126092047345,1,0.6345022766153027,PHY1773,SITE223,CRSsNP-001,1,Strong Match
Allergy,913,61,1,25,4,35,0.1358608924942716,0.38383234018737244,3,5,4,0.7,0.5,0.8056505655939161,0.07459759822217941,0.06681270536692223,0.2560576394267748,0,0.25382161808464276,PHY1774,SITE224,CRSsNP-001,0,Weak Match
ENT,900,116,7,6,7,18,0.23494363134291185,0.3576755110392909,4,8,7,1.0,0.88,0.4320363813216031,0.20314667756252058,0.1288888888888889,0.5226479196025661,0,0.42550187457677674,PHY1775,SITE200,CRSsNP-001,0,Weak Match
ENT,100,23,5,36,3,6,0.13588036760593833,0.5547435643115733,7,14,8,1.0,0.28,0.05860936138795013,0.5222303982731967,0.23,0.5590851435158444,0,0.537247737353383,PHY1776,SITE201,CRSsNP-001,0,Weak Match
Allergy,246,52,1,2,2,18,0.48461748915244385,0.8602073436797613,2,6,3,0.7,0.96,0.3815275668050497,0.5320145288977868,0.21138211382113822,0.47209567755433696,0,0.4721703363225096,PHY1777,SITE202,CRSsNP-001,0,Weak Match
Allergy,386,35,1,22,2,37,0.4229046597305002,0.6254319361142633,3,5,7,0.7,0.56,0.8548185007193472,0.09080114618307022,0.09067357512953368,0.2663467729470627,0,0.3315568512296451,PHY1778,SITE203,CRSsNP-001,0,Weak Match
Allergy,753,107,1,32,1,39,0.2838531017425841,0.6164738782330393,7,10,3,0.7,0.36,0.8761141213788971,0.07637240805185888,0.14209827357237717,0.25418763786557635,0,0.21489285556825705,PHY1779,SITE204,CRSsNP-001,0,Weak Match
Allergy,152,32,9,16,5,24,0.18944101932946844,0.3846756709795931,7,8,8,0.7,0.6799999999999999,0.548584947371665,0.1736483882600931,0.21052631578947367,0.4755027618622205,0,0.3937397188311891,PHY1780,SITE205,CRSsNP-001,0,Weak Match
Allergy,403,25,3,18,6,6,0.47338204209994095,0.30047370665593126,3,14,1,0.7,0.64,0.13810905699520198,0.25897556637782765,0.062034739454094295,0.40249289243956893,0,0.4057117527676052,PHY1781,SITE206,CRSsNP-001,0,Weak Match
ENT,168,21,5,5,6,23,0.23783863829078872,0.7860840544472768,1,11,1,1.0,0.9,0.5433755951657534,0.35894516351167927,0.125,0.5137014731857605,0,0.5570133192611961,PHY1782,SITE207,CRSsNP-001,0,Weak Match
ENT,460,101,9,36,9,22,0.16439377267494992,0.35254473779174295,3,10,6,1.0,0.28,0.5561515612200989,0.1564764314689347,0.21956521739130436,0.49357143451960317,0,0.47390028744948337,PHY1783,SITE208,CRSsNP-001,0,Weak Match
ENT,701,91,6,30,4,20,0.325265755381582,0.6803098912411945,5,9,9,1.0,0.4,0.44620214948356307,0.37675415545444446,0.12981455064194009,0.4931842538030177,1,0.6123367281548899,PHY1784,SITE209,CRSsNP-001,1,Strong Match
PrimaryCare,319,20,9,45,1,8,0.4775096481379265,0.8487698727091149,7,14,4,0.3,0.09999999999999998,0.11328780122991622,0.7526146000797034,0.06269592476489028,0.4598681210841717,0,0.5672430243836537,PHY1785,SITE210,CRSsNP-001,0,Weak Match
Allergy,803,127,8,19,6,16,0.10153211620012903,0.42519114789505863,4,6,6,0.7,0.62,0.3529495945803751,0.27512010462633335,0.1581569115815691,0.48126828936262145,0,0.47764465363517555,PHY1786,SITE211,CRSsNP-001,0,Weak Match
ENT,674,149,8,23,5,33,0.1952499373015995,0.6991637017421466,1,9,5,1.0,0.54,0.7763128724483176,0.15639392013110198,0.22106824925816024,0.4829145590959287,0,0.4922502169375897,PHY1787,SITE212,CRSsNP-001,0,Weak Match
ENT,684,114,1,34,6,11,0.4753790561641631,0.34721914602450565,6,13,1,1.0,0.31999999999999995,0.2645003838241228,0.2553795486299398,0.16666666666666666,0.41329253801024235,0,0.4817291117206745,PHY1788,SITE213,CRSsNP-001,0,Weak Match
PrimaryCare,260,24,9,13,3,18,0.16843438674286482,0.6622530863025679,2,13,6,0.3,0.74,0.36475108685010976,0.42069555330386665,0.09230769230769231,0.43974092505268547,0,0.43524918869617896,PHY1789,SITE214,CRSsNP-001,0,Weak Match
ENT,780,98,6,43,2,16,0.14529738065592795,0.3983590325719216,3,6,9,1.0,0.14,0.29679670806066394,0.2801273830783445,0.12564102564102564,0.461756062219859,0,0.4215516363571831,PHY1790,SITE215,CRSsNP-001,0,Weak Match
Allergy,188,26,9,29,6,39,0.32807488631992177,0.7415721363091068,4,11,3,0.7,0.42000000000000004,0.9562922240592712,0.03241246877768606,0.13829787234042554,0.3624277394347165,0,0.4068743347464796,PHY1791,SITE216,CRSsNP-001,0,Weak Match
Allergy,787,130,3,36,1,9,0.444737529317932,0.4807387768763449,6,14,3,0.7,0.28,0.1352173424493873,0.4157345570547566,0.16518424396442186,0.4239212381571181,0,0.44714188027888285,PHY1792,SITE217,CRSsNP-001,0,Weak Match
Allergy,880,177,3,22,7,21,0.29084392707757045,0.5780346052827878,6,8,2,0.7,0.56,0.5133934504883018,0.2812754247750138,0.20113636363636364,0.3961998308152635,0,0.3558325902144729,PHY1793,SITE218,CRSsNP-001,0,Weak Match
ENT,684,47,6,47,7,36,0.4978257026738099,0.6596583252165731,7,7,4,1.0,0.06000000000000005,0.9128578032282143,0.057484075578169216,0.06871345029239766,0.3333893973659118,0,0.34734760587839975,PHY1794,SITE219,CRSsNP-001,0,Weak Match
PrimaryCare,856,195,9,36,7,14,0.37166867981519713,0.4027640463997437,5,5,3,0.3,0.28,0.34488723853925196,0.263855866654041,0.22780373831775702,0.39823338405632236,0,0.39023035812590845,PHY1795,SITE220,CRSsNP-001,0,Weak Match
PrimaryCare,688,36,7,9,1,21,0.1296299628841791,0.7449826911705726,7,7,2,0.3,0.8200000000000001,0.4062620120926338,0.4423245240814306,0.05232558139534884,0.40792009895585996,0,0.38866531438874163,PHY1796,SITE221,CRSsNP-001,0,Weak Match
Allergy,258,31,3,39,4,9,0.49713285267279017,0.4815842043820887,2,13,1,0.7,0.21999999999999997,0.18593504448713996,0.39204082391600115,0.12015503875968993,0.3968534200244087,0,0.3575614386077166,PHY1797,SITE222,CRSsNP-001,0,Weak Match
Allergy,588,32,3,19,7,13,0.2631576947120762,0.6974231159476522,1,13,3,0.7,0.62,0.30869491652816883,0.48213214538537624,0.05442176870748299,0.4261623796011291,0,0.43223253518225657,PHY1798,SITE223,CRSsNP-001,0,Weak Match
PrimaryCare,423,54,2,38,9,37,0.21496101353819302,0.3949698304196242,8,11,6,0.3,0.24,0.9398255882977669,0.023767077185631674,0.1276595744680851,0.15668575022437092,0,0.14339288187989654,PHY1799,SITE224,CRSsNP-001,0,Weak Match
Allergy,709,110,9,6,5,22,0.32315167343115425,0.7128705955238102,1,7,9,0.7,0.88,0.5116073859946612,0.34816073359541627,0.15514809590973203,0.5202584320970501,0,0.5344937609349866,PHY1800,SITE200,CRSsNP-001,0,Weak Match
ENT,480,73,3,47,2,13,0.22172303672834573,0.37691284368627703,2,7,5,1.0,0.06000000000000005,0.2287981792378468,0.2906758713194977,0.15208333333333332,0.42427618967344816,0,0.46526807077669696,PHY1801,SITE201,CRSsNP-001,0,Weak Match
Allergy,201,16,5,15,7,33,0.13458300284806093,0.5552138977619903,6,8,3,0.7,0.7,0.8004739713715924,0.11077962405974866,0.07960199004975124,0.3470090251872283,0,0.3585873436587732,PHY1802,SITE202,CRSsNP-001,0,Weak Match
Allergy,593,106,9,20,1,18,0.1005713372316707,0.4483236442433261,1,11,5,0.7,0.6,0.3276146572925646,0.30144624717839513,0.178752107925801,0.5072158106878728,0,0.5196500406566891,PHY1803,SITE203,CRSsNP-001,0,Weak Match
ENT,743,43,8,9,7,29,0.27983334116810493,0.7490251496569096,3,11,5,1.0,0.8200000000000001,0.714185471772376,0.21408226977981507,0.05787348586810229,0.487866278245751,0,0.4608074248373772,PHY1804,SITE204,CRSsNP-001,0,Weak Match
Allergy,713,144,2,32,6,19,0.434745368890637,0.45722100270412475,7,6,5,0.7,0.36,0.4623019003033674,0.24584686429539682,0.20196353436185133,0.3594300664192054,0,0.4181478671449488,PHY1805,SITE205,CRSsNP-001,0,Weak Match
PrimaryCare,118,28,3,4,7,10,0.32892607425203063,0.8290303838372379,8,9,7,0.3,0.92,0.2396205166719631,0.6303776949254031,0.23728813559322035,0.4584355212161894,0,0.41600905516725106,PHY1806,SITE206,CRSsNP-001,0,Weak Match
PrimaryCare,553,65,2,18,3,33,0.4996829195773763,0.8350921268439677,4,11,5,0.3,0.64,0.7767603898987191,0.18642564079529678,0.11754068716094032,0.24299426095942253,0,0.1623946608690161,PHY1807,SITE207,CRSsNP-001,0,Weak Match
ENT,581,89,8,5,3,19,0.21473865825888,0.41786478913367153,3,11,7,1.0,0.9,0.3946635304113089,0.2529487962195996,0.153184165232358,0.5594194475108786,0,0.5058702734806743,PHY1808,SITE208,CRSsNP-001,0,Weak Match
ENT,693,87,6,20,7,33,0.21218202590402213,0.6683075670046346,1,10,9,1.0,0.6,0.8083077308570346,0.12810939400453283,0.12554112554112554,0.4261763871004845,0,0.4778895826721281,PHY1809,SITE209,CRSsNP-001,0,Weak Match
PrimaryCare,496,25,6,23,2,8,0.1638997840935777,0.3526305850319786,9,14,5,0.3,0.54,0.09677109426770311,0.3185061374461737,0.05040322580645161,0.3706249245140773,0,0.393569815523991,PHY1810,SITE210,CRSsNP-001,0,Weak Match
PrimaryCare,378,48,9,11,1,22,0.16562543530613408,0.5349222597609775,6,14,2,0.3,0.78,0.4351337640380587,0.30215952340343916,0.12698412698412698,0.42166456002291375,0,0.48726169116951656,PHY1811,SITE211,CRSsNP-001,0,Weak Match
ENT,950,197,8,37,9,20,0.21407463840401914,0.7279930377007634,6,12,5,1.0,0.26,0.5106910431536922,0.3562135138687354,0.2073684210526316,0.5180157037215358,0,0.451863127463204,PHY1812,SITE212,CRSsNP-001,0,Weak Match
PrimaryCare,464,78,4,22,9,15,0.4171360181094109,0.6956539481099497,9,7,8,0.3,0.56,0.4050007261313485,0.4139135939892806,0.16810344827586207,0.3603085082536868,0,0.4763194192670608,PHY1813,SITE213,CRSsNP-001,0,Weak Match
PrimaryCare,430,30,4,4,7,18,0.4623027162545792,0.6748204016439648,1,5,4,0.3,0.92,0.4549886855889365,0.3677847540913791,0.06976744186046512,0.3574999427244985,0,0.3433157334624808,PHY1814,SITE214,CRSsNP-001,0,Weak Match
Allergy,740,162,9,29,7,7,0.4900348678830725,0.46952451819746616,6,7,2,0.7,0.42000000000000004,0.18017090130168362,0.3849298625705899,0.21891891891891893,0.5306986121136794,0,0.4426814386916098,PHY1815,SITE215,CRSsNP-001,0,Weak Match
Allergy,443,69,1,44,3,22,0.19291586163858107,0.5268149696606412,5,6,3,0.7,0.12,0.46817431507601764,0.2801737320679775,0.15575620767494355,0.3151563668247297,0,0.4249455251735123,PHY1816,SITE216,CRSsNP-001,0,Weak Match
ENT,921,201,2,34,2,24,0.4525190182456367,0.3617676868201717,6,6,9,1.0,0.31999999999999995,0.5297148386852152,0.170133974954701,0.2182410423452769,0.39761557170873785,0,0.332110458631771,PHY1817,SITE217,CRSsNP-001,0,Weak Match
ENT,554,91,2,13,7,29,0.23130203571093483,0.7314136922601606,8,6,9,1.0,0.74,0.7092861501122072,0.2126320903375966,0.16425992779783394,0.4166627850057571,0,0.3967679993298964,PHY1818,SITE218,CRSsNP-001,0,Weak Match
ENT,700,113,6,42,9,17,0.1451362178067538,0.6023332780747641,5,9,8,1.0,0.16000000000000003,0.42801775207732884,0.344523942391835,0.16142857142857142,0.47246015612777703,0,0.4621725441057937,PHY1819,SITE219,CRSsNP-001,0,Weak Match
PrimaryCare,824,58,4,9,1,8,0.4480099702080663,0.7252593794073928,2,5,8,0.3,0.8200000000000001,0.11030975624043383,0.645256194053875,0.0703883495145631,0.43761735056537243,0,0.4598215076903889,PHY1820,SITE220,CRSsNP-001,0,Weak Match
ENT,754,62,3,42,4,18,0.35444225385744743,0.44936611487812367,2,14,8,1.0,0.16000000000000003,0.398671679050012,0.2702165713514815,0.08222811671087533,0.39573317554301396,0,0.3561680017463458,PHY1821,SITE221,CRSsNP-001,0,Weak Match
ENT,164,40,3,31,6,37,0.1658923584324247,0.4946629371810397,5,8,8,1.0,0.38,0.8894437193404441,0.0546880945148673,0.24390243902439024,0.36596885672502666,0,0.4179345181638155,PHY1822,SITE222,CRSsNP-001,0,Weak Match
ENT,175,16,3,7,7,32,0.271932503005201,0.5005292023560688,3,14,8,1.0,0.86,0.7891017029211583,0.10556075641512586,0.09142857142857143,0.3960591238480522,0,0.43374093232358935,PHY1823,SITE223,CRSsNP-001,0,Weak Match
Allergy,810,198,6,4,7,12,0.21490307795082708,0.31544544584832973,3,9,1,0.7,0.92,0.27858558214330914,0.22756689268221708,0.24444444444444444,0.5007659314332237,0,0.501719272422247,PHY1824,SITE224,CRSsNP-001,0,Weak Match
PrimaryCare,242,37,8,19,2,38,0.3947178274840788,0.5046287236983742,8,6,6,0.3,0.62,0.8772109347791481,0.06196288926651491,0.15289256198347106,0.30489462487125596,0,0.3711110965943308,PHY1825,SITE200,CRSsNP-001,0,Weak Match
ENT,927,71,7,42,4,9,0.2813664922497072,0.7819827441108202,7,9,9,1.0,0.16000000000000003,0.1641530463892422,0.6536178944412099,0.07659115426105717,0.554456062814582,0,0.5510632267726785,PHY1826,SITE201,CRSsNP-001,0,Weak Match
ENT,704,49,4,30,5,9,0.49571197804255396,0.8383790974498433,1,14,8,1.0,0.4,0.20093437162898706,0.6699199203168817,0.06960227272727272,0.5312911150822959,0,0.5175088224068605,PHY1827,SITE202,CRSsNP-001,0,Weak Match
Allergy,572,52,4,31,1,35,0.12189799290383806,0.6109309893815564,5,8,3,0.7,0.38,0.7588126851358241,0.14734880489625193,0.09090909090909091,0.31431576519294074,0,0.41422090352588237,PHY1828,SITE203,CRSsNP-001,0,Weak Match
ENT,516,121,2,35,1,13,0.2420061064544987,0.5733010171315323,9,12,1,1.0,0.30000000000000004,0.21570302426118707,0.44963825392424617,0.23449612403100775,0.48698137936648245,0,0.5017681814809768,PHY1829,SITE204,CRSsNP-001,0,Weak Match
ENT,404,53,1,21,3,36,0.292760066843991,0.31849477121962216,4,5,2,1.0,0.5800000000000001,0.8315849944644067,0.05363929865801019,0.1311881188118812,0.3333663899881317,0,0.28408382084849826,PHY1830,SITE205,CRSsNP-001,0,Weak Match
ENT,835,107,9,31,3,37,0.3012534218993279,0.8275226025512297,1,9,2,1.0,0.38,0.8576803587143949,0.1177727199508214,0.1281437125748503,0.44282243626243745,0,0.4003089722525971,PHY1831,SITE206,CRSsNP-001,0,Weak Match
ENT,596,67,2,19,8,7,0.22637432895425472,0.3078061280555236,8,14,7,1.0,0.62,0.168696667607891,0.25588025998326897,0.11241610738255034,0.45441041208150235,0,0.45535831911413993,PHY1832,SITE207,CRSsNP-001,0,Weak Match
ENT,390,30,8,31,9,34,0.3916960996390272,0.8668500481261272,5,5,6,1.0,0.38,0.8819534749634247,0.10232863590907738,0.07692307692307693,0.4095011489162423,0,0.28960123512312397,PHY1833,SITE208,CRSsNP-001,0,Weak Match
ENT,201,29,9,32,1,16,0.4498988293955899,0.5935297492128544,2,14,2,1.0,0.36,0.3124039994650162,0.40810868175729065,0.14427860696517414,0.55745098814625,0,0.5258015148854956,PHY1834,SITE209,CRSsNP-001,0,Weak Match
ENT,366,27,4,2,2,33,0.4754877207911452,0.5051606961448359,1,14,8,1.0,0.96,0.7591750745549161,0.12165528698686681,0.07377049180327869,0.42285617289270144,0,0.4178364734693574,PHY1835,SITE210,CRSsNP-001,0,Weak Match
PrimaryCare,966,209,8,10,2,7,0.4220373507198105,0.854531060905596,3,8,9,0.3,0.8,0.09759259610156894,0.771135156222391,0.2163561076604555,0.5585567985494352,0,0.5501969225335493,PHY1836,SITE211,CRSsNP-001,0,Weak Match
ENT,721,89,9,2,4,30,0.4402320789226398,0.314634595866058,9,12,7,1.0,0.96,0.7101876538677976,0.09118499040229963,0.12343966712898752,0.509078149475927,0,0.44620598708876147,PHY1837,SITE212,CRSsNP-001,0,Weak Match
Allergy,941,117,5,2,2,34,0.32021812024799823,0.6488549369214522,1,5,4,0.7,0.96,0.7687382769778343,0.15005531070389372,0.12433581296493093,0.3952211876842281,0,0.37279539811223483,PHY1838,SITE213,CRSsNP-001,0,Weak Match
Allergy,876,126,7,24,7,13,0.43035529057072586,0.6293595146996026,4,6,1,0.7,0.52,0.3255738114023514,0.4244565387565188,0.14383561643835616,0.48529283072065765,0,0.5442830255789269,PHY1839,SITE214,CRSsNP-001,0,Weak Match
ENT,102,14,4,17,9,30,0.2214015636591809,0.4315922407268292,8,5,4,1.0,0.6599999999999999,0.7638101587082461,0.10193770284002224,0.13725490196078433,0.40432025018737594,0,0.4529776917045203,PHY1840,SITE215,CRSsNP-001,0,Weak Match
Allergy,184,45,1,32,7,6,0.2593915048436858,0.5573324588101264,8,11,4,0.7,0.36,0.1316490983711324,0.483960143114807,0.24456521739130435,0.43576842313367425,0,0.4405492428701255,PHY1841,SITE216,CRSsNP-001,0,Weak Match
ENT,893,142,3,16,6,7,0.22676520552741775,0.6913584035662621,8,6,8,1.0,0.6799999999999999,0.13845059336443805,0.5956394223650225,0.1590145576707727,0.5580364645542538,0,0.5545909657347042,PHY1842,SITE217,CRSsNP-001,0,Weak Match
PrimaryCare,427,28,5,16,1,8,0.2869549341791702,0.7362787181291566,8,5,4,0.3,0.6799999999999999,0.09405096371337145,0.6670309951274637,0.06557377049180328,0.4433945452771064,0,0.4353132078540116,PHY1843,SITE218,CRSsNP-001,0,Weak Match
ENT,915,156,3,46,9,29,0.21423184649545457,0.30043011522394786,4,10,4,1.0,0.07999999999999996,0.737848418059179,0.07875822996862106,0.17049180327868851,0.33758975500747845,0,0.3494052581372246,PHY1844,SITE219,CRSsNP-001,0,Weak Match
ENT,549,44,7,39,5,17,0.48464457690177876,0.8621120580546093,8,10,2,1.0,0.21999999999999997,0.4017206573143427,0.5157838354142908,0.08014571948998178,0.5100211312239193,0,0.5151495734576449,PHY1845,SITE220,CRSsNP-001,0,Weak Match
ENT,553,31,9,31,5,39,0.22513785120226726,0.39871522343568744,9,14,7,1.0,0.38,0.93075778019593,0.02760792714036274,0.05605786618444846,0.3994602739545917,0,0.41566732249814303,PHY1846,SITE221,CRSsNP-001,0,Weak Match
PrimaryCare,728,177,6,43,6,27,0.13921781524437593,0.4401482605334155,7,6,4,0.3,0.14,0.6343714273213726,0.1609307802658133,0.24313186813186813,0.2935319803539924,0,0.3186216891009352,PHY1847,SITE222,CRSsNP-001,0,Weak Match
Allergy,320,65,1,24,9,13,0.31072686642016534,0.4580840674163089,2,5,6,0.7,0.52,0.3437826430031786,0.300602716002284,0.203125,0.3835235289001389,0,0.32296815444077887,PHY1848,SITE223,CRSsNP-001,0,Weak Match
Allergy,253,62,7,1,8,6,0.12283963137807055,0.3226920819312212,9,14,3,0.7,0.98,0.13300671067926922,0.27977186955130423,0.2450592885375494,0.5469185249767213,0,0.5314050903959863,PHY1849,SITE224,CRSsNP-001,0,Weak Match
ENT,764,111,3,11,8,35,0.14421726652343222,0.3738312741541949,8,7,7,1.0,0.78,0.8670652242828963,0.049695176585726995,0.14528795811518325,0.3825545024176516,0,0.3924501229124615,PHY1850,SITE200,CRSsNP-001,0,Weak Match
Allergy,111,17,5,21,8,6,0.18775575567849853,0.8918099537664972,5,14,6,0.7,0.5800000000000001,0.13956010896277452,0.767348859444758,0.15315315315315314,0.5508020492809624,0,0.5025102954447853,PHY1851,SITE201,CRSsNP-001,0,Weak Match
ENT,232,19,4,4,1,36,0.28574009995285665,0.48913004242637165,3,9,3,1.0,0.92,0.8005907823836812,0.0975370390728796,0.08189655172413793,0.4119224675072423,0,0.3782313997892732,PHY1852,SITE202,CRSsNP-001,0,Weak Match
PrimaryCare,403,40,5,7,1,22,0.2733003729236112,0.3691806542034296,7,10,4,0.3,0.86,0.44600374062651416,0.2045247014617564,0.09925558312655088,0.3421184620113376,0,0.3312236266304091,PHY1853,SITE203,CRSsNP-001,0,Weak Match
ENT,392,85,5,26,8,17,0.4198767448011165,0.36419475670477397,2,7,5,1.0,0.48,0.4406105302861015,0.20372671182566582,0.21683673469387754,0.4738934730099924,0,0.465451740098165,PHY1854,SITE204,CRSsNP-001,0,Weak Match
ENT,399,48,6,47,5,9,0.3957898615536454,0.7316759806019832,3,13,9,1.0,0.06000000000000005,0.1908470561316521,0.592037773661855,0.12030075187969924,0.5253980370891306,0,0.5362281764336962,PHY1855,SITE205,CRSsNP-001,0,Weak Match
ENT,839,180,6,12,9,14,0.27052731759628057,0.8127411984195845,9,9,6,1.0,0.76,0.36496237194468484,0.5161212428672072,0.21454112038140644,0.5863632914743245,0,0.5439617533264268,PHY1856,SITE206,CRSsNP-001,0,Weak Match
ENT,882,169,8,31,2,29,0.23348168303025196,0.4541713797050819,4,6,4,1.0,0.38,0.6337923545653955,0.16632103158558376,0.19160997732426305,0.475787465191643,0,0.5241884879363797,PHY1857,SITE207,CRSsNP-001,0,Weak Match
Allergy,142,12,8,17,9,38,0.22658751362459945,0.31254570740114096,4,14,7,0.7,0.6599999999999999,0.9662372491148999,0.010552402859192095,0.08450704225352113,0.3526135162237287,0,0.34375972169828733,PHY1858,SITE208,CRSsNP-001,0,Weak Match
ENT,442,66,9,33,8,34,0.4095980349176036,0.4338540110672135,3,10,2,1.0,0.33999999999999997,0.8686179402264249,0.05700063361503795,0.1493212669683258,0.43086864944244657,0,0.4381285345227166,PHY1859,SITE209,CRSsNP-001,0,Weak Match
Allergy,425,78,8,11,9,11,0.1208289624885079,0.3339094144780544,5,12,4,0.7,0.78,0.27413622174586666,0.24237274918766596,0.18352941176470589,0.504943280604123,0,0.4864516585200619,PHY1860,SITE210,CRSsNP-001,0,Weak Match
ENT,913,88,2,28,4,10,0.10512865980424234,0.36203696197802493,3,10,5,1.0,0.43999999999999995,0.17159946848311838,0.29991161173135295,0.0963855421686747,0.44091876104012745,0,0.4527012985497531,PHY1861,SITE211,CRSsNP-001,0,Weak Match
Allergy,597,129,1,32,1,7,0.4182177567706592,0.5589048719085854,9,8,4,0.7,0.36,0.08206423432983567,0.5130387715321925,0.21608040201005024,0.43942143137596745,0,0.522982489347999,PHY1862,SITE212,CRSsNP-001,0,Weak Match
ENT,463,73,2,1,1,17,0.2908585503956197,0.4379510225169796,3,10,4,1.0,0.98,0.3215865451868006,0.29711186622471747,0.15766738660907129,0.4946805653785312,0,0.4757246232478849,PHY1863,SITE213,CRSsNP-001,0,Weak Match
ENT,990,82,2,47,5,7,0.1523524554214304,0.6095675271152541,2,12,9,1.0,0.06000000000000005,0.11579572683951851,0.5389822122551753,0.08282828282828283,0.45292394047415396,0,0.4256991227531696,PHY1864,SITE214,CRSsNP-001,0,Weak Match
Allergy,526,87,3,28,2,30,0.1942263738378005,0.45209625195431424,5,12,2,0.7,0.43999999999999995,0.6550674061782186,0.15594273284370724,0.16539923954372623,0.3360316158368511,0,0.294523838087967,PHY1865,SITE215,CRSsNP-001,0,Weak Match
ENT,120,29,7,42,8,28,0.4730015812389531,0.8643223806617686,6,14,6,1.0,0.16000000000000003,0.723590971425002,0.23890650961434914,0.24166666666666667,0.45683887144703633,0,0.4538577789628799,PHY1866,SITE216,CRSsNP-001,0,Weak Match
ENT,506,40,2,7,5,10,0.44380119024995923,0.8435663807557587,1,6,8,1.0,0.86,0.22093183015336126,0.6571957163995418,0.07905138339920949,0.5451088061143746,0,0.5415486221008888,PHY1867,SITE217,CRSsNP-001,0,Weak Match
PrimaryCare,718,153,1,2,5,16,0.3839140200895891,0.6400836630062796,6,12,8,0.3,0.96,0.3663137833865548,0.4056121947265247,0.21309192200557103,0.3687640411080422,0,0.37133619183795125,PHY1868,SITE218,CRSsNP-001,0,Weak Match
PrimaryCare,435,39,6,42,2,6,0.29289009213493067,0.5126543951924317,3,10,7,0.3,0.16000000000000003,0.05931700555480685,0.48224527158510605,0.0896551724137931,0.37893114686498885,0,0.40234394085180464,PHY1869,SITE219,CRSsNP-001,0,Weak Match
ENT,914,188,9,24,7,15,0.30812945047655427,0.5286881292208414,4,6,4,1.0,0.52,0.36371078519367167,0.33639855461935586,0.20568927789934355,0.5693309518793399,0,0.5864393572317103,PHY1870,SITE220,CRSsNP-001,0,Weak Match
ENT,216,42,3,4,8,38,0.49009781411358344,0.5471113698866982,6,5,7,1.0,0.92,0.9776963159708024,0.012202599122734359,0.19444444444444445,0.3902819993385777,0,0.38915592526194237,PHY1871,SITE221,CRSsNP-001,0,Weak Match
Allergy,223,24,6,44,1,30,0.4863081775537149,0.7365475932809664,8,10,6,0.7,0.12,0.669410817135411,0.24349466700363437,0.10762331838565023,0.3506636812835983,0,0.4483537596855439,PHY1872,SITE222,CRSsNP-001,0,Weak Match
ENT,498,57,3,19,2,22,0.18610761831433373,0.5709833973113028,9,11,6,1.0,0.62,0.45234424383077804,0.3127023442145928,0.1144578313253012,0.4529205022911661,0,0.4874545164957697,PHY1873,SITE223,CRSsNP-001,0,Weak Match
ENT,892,185,1,26,4,25,0.42444182652212725,0.8140379679035386,6,14,2,1.0,0.48,0.5824038750801201,0.33993910093417123,0.20739910313901344,0.4245972084635756,0,0.37013421132154256,PHY1874,SITE224,CRSsNP-001,0,Weak Match
ENT,903,128,5,11,5,26,0.17889706646680673,0.8664568715582188,7,9,8,1.0,0.78,0.5979964064464017,0.3483187760256125,0.14174972314507198,0.49830154534675036,0,0.42104144605863736,PHY1875,SITE200,CRSsNP-001,0,Weak Match
Allergy,814,159,4,40,2,34,0.18541499115358057,0.5015676920273603,5,14,8,0.7,0.19999999999999996,0.7551296611780047,0.12281905068890589,0.19533169533169534,0.31788376785290456,0,0.28310131157618373,PHY1876,SITE201,CRSsNP-001,0,Weak Match
Allergy,150,11,7,43,1,34,0.3704372136658307,0.6364166888254081,9,12,7,0.7,0.14,0.758665216871905,0.15358948357678018,0.07333333333333333,0.3321847083614988,0,0.3398176273640052,PHY1877,SITE202,CRSsNP-001,0,Weak Match
ENT,882,194,6,11,9,12,0.2620004394350194,0.35703392209953866,4,13,9,1.0,0.78,0.3136256785365057,0.24505891602052093,0.2199546485260771,0.5406378774819729,0,0.5016628946835837,PHY1878,SITE203,CRSsNP-001,0,Weak Match
ENT,423,81,7,45,1,38,0.47261776284260815,0.4202814286598154,6,8,8,1.0,0.09999999999999998,0.8699323049324965,0.05466503670545959,0.19148936170212766,0.38681211727337417,0,0.35543075503304655,PHY1879,SITE204,CRSsNP-001,0,Weak Match
ENT,888,205,5,3,4,13,0.13560389395840355,0.5480794600260961,5,11,9,1.0,0.94,0.2503898324326581,0.41084593587038015,0.23085585585585586,0.5838441678947741,0,0.5851475198235984,PHY1880,SITE205,CRSsNP-001,0,Weak Match
Allergy,240,18,4,12,2,24,0.30461025632379723,0.4237216295410673,1,12,9,0.7,0.76,0.5147831859265247,0.20559685913993803,0.075,0.3843910532353351,0,0.36729242029102127,PHY1881,SITE206,CRSsNP-001,0,Weak Match
ENT,569,95,7,3,4,29,0.4674086121772485,0.8259362944732307,5,10,6,1.0,0.94,0.6876932283266795,0.2579454977347597,0.16695957820738136,0.5235596712661293,0,0.4211746341427065,PHY1882,SITE207,CRSsNP-001,0,Weak Match
ENT,886,150,7,42,8,23,0.4616454641918021,0.39497175363545883,5,6,2,1.0,0.16000000000000003,0.5962548264929605,0.159467939201928,0.16930022573363432,0.4355931616244982,0,0.48945198804911755,PHY1883,SITE208,CRSsNP-001,0,Weak Match
Allergy,901,108,6,27,8,9,0.1626116853662965,0.5733964929318551,9,11,7,0.7,0.45999999999999996,0.21273560513720247,0.4514146430244473,0.11986681465038845,0.4749760717537663,0,0.5172239162991079,PHY1884,SITE209,CRSsNP-001,0,Weak Match
ENT,433,61,8,49,9,15,0.2466550800385826,0.6634195442759254,1,13,3,1.0,0.020000000000000018,0.3877903720172725,0.4061518323976349,0.14087759815242495,0.49967072881590596,0,0.43541468590025434,PHY1885,SITE210,CRSsNP-001,0,Weak Match
Allergy,992,57,4,2,5,19,0.3476485600186785,0.7151183448965067,5,9,7,0.7,0.96,0.4383665554713926,0.40163437928982176,0.057459677419354836,0.4468551396656638,0,0.4496996946485574,PHY1886,SITE211,CRSsNP-001,0,Weak Match
ENT,472,94,5,49,7,12,0.16375795390856088,0.5298416218359041,7,6,9,1.0,0.020000000000000018,0.2734223908449949,0.38497105882434157,0.19915254237288135,0.4764401082735892,0,0.4206125317592547,PHY1887,SITE212,CRSsNP-001,0,Weak Match
ENT,663,105,4,16,3,23,0.4872088688182955,0.8214594412348373,6,8,2,1.0,0.6799999999999999,0.5231216628638763,0.39173621236083855,0.1583710407239819,0.49362783636677554,0,0.4631880073740268,PHY1888,SITE213,CRSsNP-001,0,Weak Match
ENT,593,36,1,2,4,27,0.4658997314910641,0.6409914906467553,6,7,6,1.0,0.96,0.6370650142539882,0.232638237521195,0.06070826306913996,0.40899821184612517,0,0.43330585938889277,PHY1889,SITE214,CRSsNP-001,0,Weak Match
Allergy,638,118,8,30,9,31,0.16678007161378766,0.5637046682685312,7,8,6,0.7,0.4,0.7835339668138865,0.12202291342858294,0.18495297805642633,0.39228943051843446,0,0.43279178638843707,PHY1890,SITE215,CRSsNP-001,0,Weak Match
PrimaryCare,768,110,1,20,1,36,0.1484621845043942,0.34034438043122195,6,14,9,0.3,0.6,0.7867323324968754,0.07258445216236281,0.14322916666666666,0.20665094884945168,0,0.24598309580675992,PHY1891,SITE216,CRSsNP-001,0,Weak Match
PrimaryCare,850,48,5,38,2,30,0.13416339312330613,0.578813681067099,5,11,9,0.3,0.24,0.6490039413771633,0.20316132073152735,0.05647058823529412,0.24884951706741265,0,0.26109147727241033,PHY1892,SITE217,CRSsNP-001,0,Weak Match
ENT,255,62,6,28,5,31,0.4637774656146525,0.7924415044894382,5,14,5,1.0,0.43999999999999995,0.7529453144651622,0.19577638669639189,0.24313725490196078,0.45864505961825236,0,0.5224053464398746,PHY1893,SITE218,CRSsNP-001,0,Weak Match
Allergy,390,93,6,25,3,23,0.17744952391818433,0.6687246109327893,9,12,5,0.7,0.5,0.4918509056976983,0.339811805383156,0.23846153846153847,0.45839265512224603,0,0.42786457015077695,PHY1894,SITE219,CRSsNP-001,0,Weak Match
ENT,747,113,5,32,2,33,0.2665139714177419,0.799297472237471,8,5,9,1.0,0.36,0.7380788026317276,0.20935295098187184,0.15127175368139223,0.4168806483535496,0,0.3974491901690847,PHY1895,SITE220,CRSsNP-001,0,Weak Match
ENT,243,16,3,10,1,37,0.2795405462608012,0.5964070023595833,4,12,8,1.0,0.8,0.8252028713457107,0.10425023152176711,0.06584362139917696,0.37979066451957666,0,0.25005927035730957,PHY1896,SITE221,CRSsNP-001,0,Weak Match
PrimaryCare,205,41,5,42,3,23,0.33960441768542704,0.3710770230566891,4,9,7,0.3,0.16000000000000003,0.5082207308209339,0.18248798720796203,0.2,0.28667552435949906,0,0.2820226984679146,PHY1897,SITE222,CRSsNP-001,0,Weak Match
ENT,519,77,8,40,1,23,0.12869413749897,0.30818390750152863,5,11,8,1.0,0.19999999999999996,0.4566434287364182,0.16745375129864343,0.14836223506743737,0.46491696615294625,0,0.4939016393547747,PHY1898,SITE223,CRSsNP-001,0,Weak Match
ENT,769,84,2,33,1,37,0.19070344696020639,0.4819317280311547,3,5,6,1.0,0.33999999999999997,0.8162346080622499,0.08856237288888233,0.10923276983094929,0.3273972062292888,0,0.34166018682973387,PHY1899,SITE224,CRSsNP-001,0,Weak Match
ENT,757,112,6,13,1,20,0.47259615476757044,0.7187942828986755,8,6,3,1.0,0.74,0.41564711462113807,0.42002951320567106,0.14795244385733158,0.5434293021433533,0,0.5122282844811857,PHY1900,SITE200,CRSsNP-001,0,Weak Match
ENT,101,15,9,41,8,27,0.46336404290742783,0.7741559423650164,7,5,7,1.0,0.18000000000000005,0.6973800998369065,0.23427499398916682,0.1485148514851485,0.4672457016854299,0,0.5094719820011566,PHY1901,SITE201,CRSsNP-001,0,Weak Match
ENT,688,111,8,42,3,11,0.41251625896227695,0.4774517007721977,5,9,8,1.0,0.16000000000000003,0.2127259716718802,0.3758853237990401,0.1613372093023256,0.5302387699182014,0,0.5265472322992251,PHY1902,SITE202,CRSsNP-001,0,Weak Match
Allergy,743,102,8,47,1,30,0.10776049824728617,0.5973923525299483,3,10,8,0.7,0.06000000000000005,0.631195755183918,0.2203208354337102,0.13728129205921938,0.3812649145831551,0,0.41958625018359014,PHY1903,SITE203,CRSsNP-001,0,Weak Match
ENT,189,32,8,37,7,36,0.23080270739844086,0.552671342660449,5,14,1,1.0,0.26,0.8859013566172679,0.06305905043407033,0.1693121693121693,0.41234971675312965,0,0.4366572010084428,PHY1904,SITE204,CRSsNP-001,0,Weak Match
PrimaryCare,444,103,7,16,3,16,0.3511834941371631,0.5463136706108568,3,13,7,0.3,0.6799999999999999,0.3327240446098658,0.3645419764995505,0.23198198198198197,0.430631486334419,0,0.5018569342795705,PHY1905,SITE205,CRSsNP-001,0,Weak Match
PrimaryCare,449,54,8,45,8,12,0.2100760847093903,0.4388092279200903,5,12,3,0.3,0.09999999999999998,0.29324105554926855,0.3101323467400434,0.12026726057906459,0.352769178937848,0,0.3697373470661582,PHY1906,SITE206,CRSsNP-001,0,Weak Match
ENT,558,108,6,22,4,9,0.4638346780215109,0.38182266301767503,1,11,2,1.0,0.56,0.18257353449320282,0.312111949880931,0.1935483870967742,0.5385521333010594,0,0.5690492669477735,PHY1907,SITE207,CRSsNP-001,0,Weak Match
ENT,362,82,2,20,4,32,0.3535557847329768,0.4180131349387279,6,9,2,1.0,0.6,0.751913417587978,0.10370345005028438,0.2265193370165746,0.39217918250540273,0,0.3883433280701476,PHY1908,SITE208,CRSsNP-001,0,Weak Match
ENT,450,63,2,43,5,9,0.12876268692657825,0.33319943229800764,4,7,8,1.0,0.14,0.16389018760771348,0.27859131482790356,0.14,0.4183292442048094,0,0.3931847367008596,PHY1909,SITE209,CRSsNP-001,0,Weak Match
Allergy,207,28,8,27,6,30,0.46360223553428126,0.41887844509414623,4,13,9,0.7,0.45999999999999996,0.7428324467002867,0.10772194485484989,0.13526570048309178,0.38707756942171423,0,0.41161417979973247,PHY1910,SITE210,CRSsNP-001,0,Weak Match
ENT,685,116,1,41,7,9,0.483106663270489,0.30552053857522765,8,9,3,1.0,0.18000000000000005,0.22994737659744413,0.2352668922332158,0.16934306569343066,0.39939440721025643,0,0.4745309420872419,PHY1911,SITE211,CRSsNP-001,0,Weak Match
Allergy,138,23,6,16,4,26,0.1310849673566902,0.676355040381587,2,7,3,0.7,0.6799999999999999,0.5780269229823948,0.28540361754618493,0.16666666666666666,0.4389446978776641,0,0.4081506654815151,PHY1912,SITE212,CRSsNP-001,0,Weak Match
ENT,258,54,6,34,8,19,0.31294409394452594,0.4898252444326098,4,7,6,1.0,0.31999999999999995,0.48029137874922234,0.2545664024378968,0.20930232558139536,0.477209724008006,0,0.46480290756862663,PHY1913,SITE213,CRSsNP-001,0,Weak Match
Allergy,682,99,4,32,6,17,0.22134571288566818,0.8838868268561453,2,7,1,0.7,0.36,0.39028293534668385,0.5389208815564628,0.14516129032258066,0.4410462053572693,0,0.442378727118153,PHY1914,SITE214,CRSsNP-001,0,Weak Match
ENT,411,102,3,26,1,32,0.25713563059256095,0.4162302304657787,1,10,6,1.0,0.48,0.696751330528617,0.12622126358251448,0.24817518248175183,0.4106129152840791,0,0.4448577307811648,PHY1915,SITE215,CRSsNP-001,0,Weak Match
ENT,340,21,3,25,1,37,0.17186048718213676,0.5074971421857564,3,5,3,1.0,0.5,0.8143323777366335,0.09422578769508302,0.061764705882352944,0.34785309623594146,0,0.36512599538034957,PHY1916,SITE216,CRSsNP-001,0,Weak Match
PrimaryCare,544,27,1,2,9,27,0.33122884080496506,0.5147046951849199,8,8,4,0.3,0.96,0.6991835829797859,0.15483162222900906,0.04963235294117647,0.24445605438311732,0,0.2901092122047873,PHY1917,SITE217,CRSsNP-001,0,Weak Match
Allergy,397,70,3,12,6,37,0.4831917412995562,0.3050708976374763,6,12,9,0.7,0.76,0.9214756567588805,0.023955491878961607,0.17632241813602015,0.3177241372339093,0,0.4164196110159666,PHY1918,SITE218,CRSsNP-001,0,Weak Match
ENT,135,14,4,40,8,22,0.3012290401086436,0.8035247718236753,7,7,3,1.0,0.19999999999999996,0.554822558037414,0.35771110247403437,0.1037037037037037,0.4219858906169914,0,0.39004082511768157,PHY1919,SITE219,CRSsNP-001,0,Weak Match
PrimaryCare,183,17,5,9,7,34,0.13316583255779246,0.3191966760865948,2,9,1,0.3,0.8200000000000001,0.825568850449546,0.055677843142468646,0.09289617486338798,0.26880272729938615,0,0.2992891762066556,PHY1920,SITE220,CRSsNP-001,0,Weak Match
ENT,551,61,3,12,6,30,0.3480005333909634,0.864107900837545,6,6,3,1.0,0.76,0.731162249125178,0.2323048245743293,0.11070780399274047,0.42202169100053316,0,0.4380536799098917,PHY1921,SITE221,CRSsNP-001,0,Weak Match
PrimaryCare,985,99,6,26,4,20,0.23608919778050283,0.8352446106561724,8,6,7,0.3,0.48,0.4371996172805127,0.470075986541683,0.10050761421319797,0.3734221391335848,0,0.3743741500049823,PHY1922,SITE222,CRSsNP-001,0,Weak Match
Allergy,874,49,5,9,7,17,0.4423700758365191,0.6213131496515782,8,11,7,0.7,0.8200000000000001,0.4277385051223539,0.35555359180675083,0.05606407322654462,0.43935288615575097,0,0.46965714733959013,PHY1923,SITE223,CRSsNP-001,0,Weak Match
ENT,921,225,3,10,9,37,0.27387125932658807,0.6261573449467752,4,14,5,1.0,0.8,0.9457726824564364,0.03395483317666346,0.24429967426710097,0.3982886169564643,0,0.38494846593654364,PHY1924,SITE224,CRSsNP-001,0,Weak Match
ENT,484,45,6,32,7,30,0.17713584357689827,0.6922667537736938,6,7,1,1.0,0.36,0.7290559215542256,0.1875655776398613,0.09297520661157024,0.41385132502544225,0,0.4300036116077916,PHY1925,SITE200,CRSsNP-001,0,Weak Match
ENT,271,53,6,34,1,5,0.176442249076458,0.5322300071609323,5,9,8,1.0,0.31999999999999995,0.007180676642806497,0.528408235579911,0.19557195571955718,0.5758565683815908,0,0.5105919468958934,PHY1926,SITE201,CRSsNP-001,0,Weak Match
Allergy,475,96,8,48,9,6,0.4075056722884641,0.6883333700387133,9,7,8,0.7,0.040000000000000036,0.17688702111211857,0.5665761306804997,0.20210526315789473,0.5101528398143618,0,0.4832120759090706,PHY1927,SITE202,CRSsNP-001,0,Weak Match
Allergy,784,184,2,20,4,10,0.20623503932294396,0.3268610332130921,8,10,2,0.7,0.6,0.1818063374410196,0.26743562591243236,0.23469387755102042,0.4239799608261396,0,0.4763560015316277,PHY1928,SITE203,CRSsNP-001,0,Weak Match
ENT,461,25,1,39,3,28,0.40689335766368917,0.3324285764098359,2,14,3,1.0,0.21999999999999997,0.6412033937750923,0.11927424502802654,0.05422993492407809,0.3102919933591156,0,0.3607461424893367,PHY1929,SITE204,CRSsNP-001,0,Weak Match
ENT,658,147,4,2,4,22,0.18235492430663977,0.5743382517717266,7,7,4,1.0,0.96,0.4822509366209736,0.2973630919175589,0.22340425531914893,0.5230985885512016,0,0.5360702533871109,PHY1930,SITE205,CRSsNP-001,0,Weak Match
PrimaryCare,990,153,7,1,4,31,0.22867454748052377,0.629773380663621,7,12,1,0.3,0.98,0.7140684894872352,0.18007205401387955,0.15454545454545454,0.36624392549041596,0,0.34359143777092865,PHY1931,SITE206,CRSsNP-001,0,Weak Match
PrimaryCare,240,42,3,36,2,12,0.2861947889758798,0.8326905842014916,1,6,4,0.3,0.28,0.21006877243075026,0.6577682953636399,0.175,0.387296781829653,0,0.4285600733139001,PHY1932,SITE207,CRSsNP-001,0,Weak Match
Allergy,986,176,3,24,1,32,0.47727833987738033,0.36279638034473777,1,7,5,0.7,0.52,0.718975128832975,0.10195480604624294,0.17849898580121704,0.3301181947762553,0,0.3919425638510872,PHY1933,SITE208,CRSsNP-001,0,Weak Match
ENT,217,46,5,27,1,14,0.47269256990152986,0.7935887563163337,4,12,3,1.0,0.45999999999999996,0.2642291782545986,0.58389945136278,0.2119815668202765,0.5643523641521653,0,0.5437340206576147,PHY1934,SITE209,CRSsNP-001,0,Weak Match
ENT,376,43,5,2,8,21,0.18274875016891512,0.42602840237524175,5,12,2,1.0,0.96,0.5176238169600661,0.20550595460437024,0.11436170212765957,0.4889292347567824,0,0.4161782504241916,PHY1935,SITE210,CRSsNP-001,0,Weak Match
ENT,825,162,3,31,2,33,0.24328761649722913,0.5364501891060192,4,5,6,1.0,0.38,0.7357340607650729,0.14176551307685642,0.19636363636363635,0.3868706056297731,0,0.40932735190247405,PHY1936,SITE211,CRSsNP-001,0,Weak Match
PrimaryCare,319,49,9,14,5,10,0.15975975538150894,0.48996146089644776,7,12,8,0.3,0.72,0.19225734177668818,0.395762772851474,0.1536050156739812,0.46532807431112133,0,0.5110164881814935,PHY1937,SITE212,CRSsNP-001,0,Weak Match
ENT,125,26,4,2,4,18,0.30399403172539885,0.5400931637192394,3,14,7,1.0,0.96,0.3935788412398551,0.3275239221810538,0.208,0.5341469003122253,0,0.5635210766291292,PHY1938,SITE213,CRSsNP-001,0,Weak Match
Allergy,620,153,3,29,8,26,0.2842330202778667,0.39029729884355135,7,6,1,0.7,0.42000000000000004,0.654058559350533,0.13502000984353368,0.2467741935483871,0.3502916944207502,0,0.4285456542822472,PHY1939,SITE214,CRSsNP-001,0,Weak Match
ENT,882,79,2,15,2,10,0.46030406498029297,0.6021420446421331,8,11,4,1.0,0.7,0.1771695238348371,0.4954608253119511,0.08956916099773243,0.5037675029283396,0,0.5822325362047468,PHY1940,SITE215,CRSsNP-001,0,Weak Match
Allergy,109,27,9,12,9,30,0.47200215111642907,0.7809855538988204,6,10,3,0.7,0.76,0.7891087340219439,0.1647030321722956,0.24770642201834864,0.46695633853685187,0,0.4516864737045102,PHY1941,SITE216,CRSsNP-001,0,Weak Match
Allergy,477,32,4,37,7,16,0.25342695640291685,0.5649204062273382,6,6,6,0.7,0.26,0.38342641600039645,0.3483149995421019,0.06708595387840671,0.37409184677798246,0,0.3840415660568384,PHY1942,SITE217,CRSsNP-001,0,Weak Match
PrimaryCare,732,36,3,28,7,39,0.29669517720759575,0.5943681455389195,8,9,9,0.3,0.43999999999999995,0.9682671535404981,0.01886099310280542,0.04918032786885246,0.16824056523372438,0,0.14341382313307216,PHY1943,SITE218,CRSsNP-001,0,Weak Match
ENT,736,43,7,20,1,18,0.45849449965845324,0.8092605511687887,8,11,9,1.0,0.6,0.3637476375582858,0.5148939375120256,0.058423913043478264,0.5462100020074461,0,0.4951068171770799,PHY1944,SITE219,CRSsNP-001,0,Weak Match
ENT,781,92,8,39,2,26,0.4226831230980246,0.7236348687828185,7,12,7,1.0,0.21999999999999997,0.577178741851183,0.3059682056591054,0.117797695262484,0.4749251907623238,0,0.4267532255222243,PHY1945,SITE220,CRSsNP-001,0,Weak Match
ENT,683,120,2,24,4,27,0.10146252453785971,0.594272645111871,6,7,9,1.0,0.52,0.6002744295998631,0.23754597204054073,0.17569546120058566,0.41340561674826826,0,0.4492566844114204,PHY1946,SITE221,CRSsNP-001,0,Weak Match
PrimaryCare,251,16,7,21,4,11,0.22802382567343302,0.4546173889135078,6,5,8,0.3,0.5800000000000001,0.20924389914298244,0.35949147383904373,0.06374501992031872,0.3899101598335902,0,0.40505453586791235,PHY1947,SITE222,CRSsNP-001,0,Weak Match
PrimaryCare,819,41,5,10,3,29,0.26870969677445034,0.83095604810698,6,11,5,0.3,0.8,0.6524914522150117,0.2887643295508095,0.050061050061050064,0.32001898320392325,0,0.36451702522896523,PHY1948,SITE223,CRSsNP-001,0,Weak Match
Allergy,148,35,5,46,7,17,0.1918865134732927,0.646212241014335,8,9,9,0.7,0.07999999999999996,0.40245174370017456,0.38614299781771844,0.23648648648648649,0.41910504681514793,0,0.5456861173134709,PHY1949,SITE224,CRSsNP-001,0,Weak Match
Allergy,253,54,3,14,8,25,0.1798286463583755,0.43268856606641604,1,9,7,0.7,0.72,0.6182808070472359,0.1651655302387611,0.2134387351778656,0.381564709137495,0,0.4065580892995649,PHY1950,SITE200,CRSsNP-001,0,Weak Match
Allergy,958,202,5,37,2,14,0.11511380263827187,0.46147185158280624,5,11,5,0.7,0.26,0.24327373225816817,0.34920787191616953,0.21085594989561587,0.43922818863132107,0,0.3998321596763012,PHY1951,SITE201,CRSsNP-001,0,Weak Match
ENT,392,88,2,18,4,13,0.35734789002790424,0.7818798533617476,3,5,8,1.0,0.64,0.27277528348784214,0.5686023547075645,0.22448979591836735,0.5365653915723205,0,0.5883217326060685,PHY1952,SITE202,CRSsNP-001,0,Weak Match
PrimaryCare,679,129,4,24,3,19,0.20500411619326628,0.32648733725247325,8,12,7,0.3,0.52,0.3936808110645983,0.19795553752059855,0.18998527245949925,0.3197193445125347,0,0.2793937298954793,PHY1953,SITE203,CRSsNP-001,0,Weak Match
ENT,149,10,6,14,2,6,0.12093887137252524,0.8952553122172922,6,14,9,1.0,0.72,0.04195822378626003,0.8576919894814409,0.06711409395973154,0.646121099007595,1,0.7335379432468321,PHY1954,SITE204,CRSsNP-001,1,Strong Match
ENT,763,99,1,34,6,29,0.19239172421122547,0.37821100782887507,2,9,1,1.0,0.31999999999999995,0.6902153179505514,0.1171639768078696,0.12975098296199214,0.33384900930701683,0,0.2352765513734163,PHY1955,SITE205,CRSsNP-001,0,Weak Match
Allergy,630,122,4,12,4,17,0.4207655811344506,0.7776411152381625,7,12,9,0.7,0.76,0.38012919203750684,0.48203702640753404,0.19365079365079366,0.48280718449045457,0,0.4554797369736664,PHY1956,SITE206,CRSsNP-001,0,Weak Match
ENT,711,75,6,22,6,38,0.44059567265861865,0.5368651900630097,7,14,7,1.0,0.56,0.9424134527596157,0.03091621262928138,0.10548523206751055,0.3843132052667723,0,0.41542011892232134,PHY1957,SITE207,CRSsNP-001,0,Weak Match
ENT,159,29,9,6,2,38,0.29322649807732104,0.5953297099724801,5,14,1,1.0,0.88,0.8669652044449276,0.07919956625404942,0.18238993710691823,0.49774087708304676,0,0.556616926774274,PHY1958,SITE208,CRSsNP-001,0,Weak Match
Allergy,266,14,2,36,4,39,0.2664282681634745,0.8283903464787468,8,9,1,0.7,0.28,0.9197833543107681,0.06645069491586571,0.05263157894736842,0.23246969828893843,0,0.1986205419744293,PHY1959,SITE209,CRSsNP-001,0,Weak Match
ENT,301,33,7,45,6,7,0.4911414774007127,0.547746713753528,5,11,5,1.0,0.09999999999999998,0.1651398485374022,0.4572919044074106,0.10963455149501661,0.517353033901496,0,0.4744401355088298,PHY1960,SITE210,CRSsNP-001,0,Weak Match
Allergy,956,152,6,36,5,10,0.18022586383522798,0.6224962522039408,1,14,8,0.7,0.28,0.1943234318499329,0.5015306441619496,0.1589958158995816,0.47862273962229207,0,0.4860410992041109,PHY1961,SITE211,CRSsNP-001,0,Weak Match
ENT,245,43,2,22,3,23,0.18614371314184341,0.329579797445502,9,7,9,1.0,0.56,0.4927285995734311,0.16718640540248467,0.17551020408163265,0.414041972143562,0,0.5094916646551813,PHY1962,SITE212,CRSsNP-001,0,Weak Match
ENT,775,128,8,14,8,7,0.2167468708145599,0.3014084843204719,4,6,6,1.0,0.72,0.16772475857408595,0.25085481905563956,0.16516129032258065,0.5666888105343645,0,0.4897699288677738,PHY1963,SITE213,CRSsNP-001,0,Weak Match
ENT,538,101,7,16,7,22,0.16910292731243493,0.4468799238010356,2,10,8,1.0,0.6799999999999999,0.5263414248327548,0.2116685079784456,0.18773234200743494,0.5096326446142724,0,0.49392663975564904,PHY1964,SITE214,CRSsNP-001,0,Weak Match
ENT,341,17,5,36,3,13,0.2517462392816746,0.7083498557512604,4,9,6,1.0,0.28,0.24697184193440946,0.5334073871423984,0.04985337243401759,0.49744763634354316,0,0.5104568873298324,PHY1965,SITE215,CRSsNP-001,0,Weak Match
Allergy,680,47,5,25,6,16,0.4643336907959016,0.37275893601548205,9,13,6,0.7,0.5,0.3895750592369778,0.22754135143613782,0.06911764705882353,0.3888301761282356,0,0.34903270796617564,PHY1966,SITE216,CRSsNP-001,0,Weak Match
ENT,786,175,7,32,4,9,0.3461391362514297,0.36825717528272967,2,14,4,1.0,0.36,0.17069196008123208,0.30539863621974267,0.22264631043256997,0.5406721088439679,0,0.5007027979584714,PHY1967,SITE217,CRSsNP-001,0,Weak Match
Allergy,660,122,9,33,5,7,0.26477861944490544,0.546576364821542,4,8,5,0.7,0.33999999999999997,0.12714534818972084,0.47708172260403514,0.18484848484848485,0.5379139309139561,0,0.5262443501835335,PHY1968,SITE218,CRSsNP-001,0,Weak Match
ENT,582,42,9,45,5,15,0.47376431782848594,0.688702223164936,2,7,2,1.0,0.09999999999999998,0.3501463859146315,0.4475556287523617,0.07216494845360824,0.5175377242724113,0,0.5321732155748851,PHY1969,SITE219,CRSsNP-001,0,Weak Match
Allergy,207,45,9,36,7,34,0.11938569299032893,0.7272431953487584,5,13,3,0.7,0.28,0.824177720834815,0.12786555611359057,0.21739130434782608,0.4005031652261931,0,0.39075008290136,PHY1970,SITE220,CRSsNP-001,0,Weak Match
PrimaryCare,325,31,6,20,5,8,0.18411047116074455,0.40707040445902487,3,12,3,0.3,0.6,0.14423969999115827,0.34835469144457565,0.09538461538461539,0.38909312213595315,0,0.4623714047542514,PHY1971,SITE221,CRSsNP-001,0,Weak Match
Allergy,772,112,6,18,3,9,0.3263554420407036,0.3477528884232255,2,10,5,0.7,0.64,0.15355199397576288,0.2943547389950082,0.14507772020725387,0.47378517845323886,0,0.5034153673733264,PHY1972,SITE222,CRSsNP-001,0,Weak Match
ENT,730,57,3,38,5,5,0.3462210492772717,0.8642382203673267,9,5,5,1.0,0.24,0.0848912165476284,0.790871986453387,0.07808219178082192,0.53820582358112,0,0.5573640247418736,PHY1973,SITE223,CRSsNP-001,0,Weak Match
ENT,760,145,1,3,7,31,0.11582300262504526,0.45639982953726105,5,14,6,1.0,0.94,0.7481042260787375,0.11496518827882066,0.19078947368421054,0.40487998346894294,0,0.45626266443436153,PHY1974,SITE224,CRSsNP-001,0,Weak Match
ENT,761,139,7,23,5,32,0.2612155031628529,0.8120078985652344,5,5,5,1.0,0.54,0.7577342687841616,0.19672168729894282,0.18265440210249673,0.46823451110699654,0,0.4882746556777427,PHY1975,SITE200,CRSsNP-001,0,Weak Match
Allergy,531,48,4,32,5,33,0.3596615859323491,0.8180948702776911,1,10,6,0.7,0.36,0.792910520991515,0.16941884046532113,0.0903954802259887,0.3131915860504098,0,0.29103225468533644,PHY1976,SITE201,CRSsNP-001,0,Weak Match
ENT,904,201,1,45,9,22,0.3792282185613607,0.7635135550575267,6,7,8,1.0,0.09999999999999998,0.5778394808869317,0.32232527875294975,0.22234513274336284,0.38726739084773754,0,0.3741097681930184,PHY1977,SITE202,CRSsNP-001,0,Weak Match
ENT,754,98,8,16,3,16,0.3552559610065077,0.40130016399154206,7,7,2,1.0,0.6799999999999999,0.33313516738835586,0.26761296668724505,0.129973474801061,0.5407024452988787,0,0.4842306346183077,PHY1978,SITE203,CRSsNP-001,0,Weak Match
Allergy,518,56,6,5,6,17,0.22822528974436984,0.7930808755525203,1,10,4,0.7,0.9,0.3909774408745926,0.4830041444224147,0.10810810810810811,0.5045301118240507,1,0.6047740211511046,PHY1979,SITE204,CRSsNP-001,1,Strong Match
ENT,554,44,6,4,1,6,0.13740804943916382,0.761550335544952,9,7,6,1.0,0.92,0.028478049658745546,0.7398628672716685,0.07942238267148015,0.6469803641563291,1,0.6935165626430323,PHY1980,SITE205,CRSsNP-001,1,Strong Match
Allergy,259,26,2,21,5,20,0.27084497856773365,0.6580337940637303,8,14,5,0.7,0.5800000000000001,0.4558510421726599,0.3580684032549494,0.10038610038610038,0.379125101530249,0,0.25114601387272417,PHY1981,SITE206,CRSsNP-001,0,Weak Match
ENT,622,33,1,40,8,28,0.1515017749472222,0.5023212211013717,8,10,1,1.0,0.19999999999999996,0.69113499378609,0.15514944707685402,0.05305466237942122,0.31018005563161716,0,0.37683647726376673,PHY1982,SITE207,CRSsNP-001,0,Weak Match
ENT,749,124,2,14,5,39,0.4790494634082668,0.45750516255992646,7,9,9,1.0,0.72,0.9563906093508567,0.019951521358075625,0.16555407209612816,0.3517397613605615,0,0.27844312933853077,PHY1983,SITE208,CRSsNP-001,0,Weak Match
Allergy,689,150,4,39,9,26,0.2900683464090513,0.37313352724821536,5,8,3,0.7,0.21999999999999997,0.6697904128735699,0.12321226797566176,0.21770682148040638,0.33409011767787694,0,0.3601235665766909,PHY1984,SITE209,CRSsNP-001,0,Weak Match
ENT,176,28,2,31,6,15,0.22690366974274703,0.6058542401405229,3,12,2,1.0,0.38,0.3403681311012875,0.3996407647041025,0.1590909090909091,0.453664067103419,0,0.3434627794278519,PHY1985,SITE210,CRSsNP-001,0,Weak Match
Allergy,608,57,1,14,8,33,0.40652162844756,0.651156525305908,9,6,9,0.7,0.72,0.843069426577012,0.10218636690437653,0.09375,0.2865678307231741,0,0.2651613636583454,PHY1986,SITE211,CRSsNP-001,0,Weak Match
ENT,540,30,7,6,8,39,0.29917943703290556,0.5156033943094723,7,11,7,1.0,0.88,0.98366071095585,0.00842459289176734,0.05555555555555555,0.41020773637165736,0,0.47725441175874933,PHY1987,SITE212,CRSsNP-001,0,Weak Match
ENT,353,32,8,12,3,19,0.22401360960498004,0.5852154406085212,8,8,5,1.0,0.76,0.3955998532569217,0.3537042981801054,0.0906515580736544,0.5498437638287426,1,0.6196754581597144,PHY1988,SITE213,CRSsNP-001,1,Strong Match
PrimaryCare,869,115,6,16,7,35,0.42478709695632066,0.5181086744215601,6,6,6,0.3,0.6799999999999999,0.8802464810485724,0.06204533696124133,0.1323360184119678,0.27546842389038295,0,0.2908071935305814,PHY1989,SITE214,CRSsNP-001,0,Weak Match
Allergy,419,84,4,17,7,20,0.4468608604004488,0.6846036343924208,5,11,4,0.7,0.6599999999999999,0.5039056926395734,0.3396279658203387,0.20047732696897375,0.4336543556423539,0,0.4730275953042467,PHY1990,SITE215,CRSsNP-001,0,Weak Match
Allergy,902,78,6,45,6,14,0.36920326651547086,0.8407555246779381,8,5,1,0.7,0.09999999999999998,0.3294955837142001,0.5637302923132422,0.08647450110864745,0.4414151253683903,0,0.37073661407796965,PHY1991,SITE216,CRSsNP-001,0,Weak Match
ENT,362,70,3,23,7,36,0.11878576896306692,0.3983521572281669,3,8,4,1.0,0.54,0.8745930473185093,0.04995613013208248,0.19337016574585636,0.36987446273102964,0,0.3967911263645295,PHY1992,SITE217,CRSsNP-001,0,Weak Match
Allergy,696,155,8,14,2,6,0.3265291520666128,0.5288452859418741,7,13,9,0.7,0.72,0.06271292852449599,0.4956798493240847,0.22270114942528735,0.5805399643686892,1,0.6230885015327812,PHY1993,SITE218,CRSsNP-001,1,Strong Match
ENT,757,106,2,7,9,28,0.4053179647989127,0.3845211623705168,2,8,1,1.0,0.86,0.7319009568491109,0.10308975570280321,0.14002642007926025,0.39843446047546466,0,0.5269217523604716,PHY1994,SITE219,CRSsNP-001,0,Weak Match
ENT,934,200,5,46,1,27,0.15460120483343287,0.6749662622446992,3,7,3,1.0,0.07999999999999996,0.5602105730562357,0.2968430256789708,0.21413276231263384,0.4398807384083291,0,0.4087197734242578,PHY1995,SITE220,CRSsNP-001,0,Weak Match
PrimaryCare,653,105,1,32,1,6,0.19146830055384134,0.7373223056931575,2,14,5,0.3,0.36,0.03393552822325772,0.7123008837786698,0.16079632465543645,0.3902657050972673,0,0.3910808459486729,PHY1996,SITE221,CRSsNP-001,0,Weak Match
ENT,473,83,6,15,3,35,0.4529980420272546,0.8591476395584736,5,14,7,1.0,0.7,0.8225233583039422,0.15247863778993304,0.17547568710359407,0.45211231350349096,0,0.4560180690860962,PHY1997,SITE222,CRSsNP-001,0,Weak Match
PrimaryCare,736,114,2,44,3,30,0.10804868874122962,0.46732315575657896,7,6,9,0.3,0.12,0.6615103824563745,0.15818403626132455,0.15489130434782608,0.206208595093584,0,0.2411377817823942,PHY1998,SITE223,CRSsNP-001,0,Weak Match
ENT,266,37,4,17,1,33,0.40109085513039044,0.8701267235192582,1,7,6,1.0,0.6599999999999999,0.7365218115930131,0.2292594127973613,0.13909774436090225,0.43297413749039654,0,0.4769996719011783,PHY1999,SITE224,CRSsNP-001,0,Weak Match
